Ticker,Exp_Return_15D,Volatility_Risk,Sharpe_Score,Kelly_Raw,Suggested_Weight
008201,0.006702,0.00817342145808615,0.8200266106518056,100.32843832377378,0.2
006203,0.00743,0.017807618108391682,0.4172950154369996,23.433511034266452,0.2
00668K,0.003714,0.010294287399117395,0.3607445220933245,35.043175705804934,0.2
00625K,0.005978,0.01751018661862623,0.3413801774605731,19.49609018429503,0.2
00636K,0.003761,0.01308107536492638,0.28753687284695334,21.98113418243207,0.2
00657K,0.003714,0.029989095183453253,0.12383193842190188,4.129232231395472,0.2
0050,,0.010453255582856756,,0.0,0.0
0051,,0.010008819063817976,,0.0,0.0
0052,,0.005,,0.0,0.0
0053,,0.013573986675183582,,0.0,0.0
0054,,0.005820484601087674,,0.0,0.0
0055,,0.005,,0.0,0.0
0056,,0.005,,0.0,0.0
0057,,0.016916602036828477,,0.0,0.0
0058,,0.006023207876336304,,0.0,0.0
0059,,0.005635846900972255,,0.0,0.0
0061,,0.005516060785024771,,0.0,0.0
006201,,0.022128706987280016,,0.0,0.0
006204,,0.02220390934464917,,0.0,0.0
006205,,0.005,,0.0,0.0
006206,,0.005006567944730138,,0.0,0.0
006207,,0.010648272091982111,,0.0,0.0
006208,,0.010576360863423735,,0.0,0.0
00631L,,0.019751834774157997,,0.0,0.0
00632R,,0.005,,0.0,0.0
00633L,,0.0061794872592601776,,0.0,0.0
00634R,,0.012756599365260681,,0.0,0.0
00635U,,0.005,,0.0,0.0
00636,,0.005,,0.0,0.0
00637L,,0.006650972733773918,,0.0,0.0
00638R,,0.01297674731436978,,0.0,0.0
00639,,0.008337714275648115,,0.0,0.0
00640L,,0.01409006919462388,,0.0,0.0
00641R,,0.009045034955720923,,0.0,0.0
00642U,,0.03237100396364408,,0.0,0.0
00643,,0.0070086723905970665,,0.0,0.0
00645,,0.00648700104317801,,0.0,0.0
00646,,0.005,,0.0,0.0
00647L,,0.01204064094360139,,0.0,0.0
00648R,,0.005,,0.0,0.0
00649,,0.0072107726158065644,,0.0,0.0
00650L,,0.00627702963388659,,0.0,0.0
00651R,,0.007633572849299652,,0.0,0.0
00652,,0.005,,0.0,0.0
00653L,,0.011554501951032236,,0.0,0.0
00654R,,0.010320871220441891,,0.0,0.0
00655L,,0.007994959859234568,,0.0,0.0
00656R,,0.013932391687520945,,0.0,0.0
00657,,0.01699493070804768,,0.0,0.0
00658L,,0.027696507222530024,,0.0,0.0
00659R,,0.014999597861841843,,0.0,0.0
00660,,0.012491865867729242,,0.0,0.0
00661,,0.00761732190084003,,0.0,0.0
00662,,0.005,,0.0,0.0
00663L,,0.007207225186608871,,0.0,0.0
00664R,,0.005,,0.0,0.0
00665L,,0.005658582970698736,,0.0,0.0
00666R,,0.014045360570821348,,0.0,0.0
00668,,0.005534366175779675,,0.0,0.0
00669R,,0.00716792881315277,,0.0,0.0
00670L,,0.00622766579434272,,0.0,0.0
00671R,,0.005,,0.0,0.0
00672L,,0.05329336555977961,,0.0,0.0
00673R,,0.018730161392070885,,0.0,0.0
00674R,,0.005,,0.0,0.0
00675L,,0.00776842099805003,,0.0,0.0
00676R,,0.010351107557939183,,0.0,0.0
00677U,,0.05336936367687401,,0.0,0.0
00678,,0.012823722044895767,,0.0,0.0
00679B,,0.005,,0.0,0.0
00680L,,0.0066386672038897,,0.0,0.0
00681R,,0.0064797641387923845,,0.0,0.0
00682U,,0.005143183998052355,,0.0,0.0
00683L,,0.005792714311157454,,0.0,0.0
00684R,,0.005406438733107986,,0.0,0.0
00685L,,0.01995278474072452,,0.0,0.0
00686R,,0.012424277412051323,,0.0,0.0
00687B,,0.005,,0.0,0.0
00687C,,0.008329230323692252,,0.0,0.0
00688L,,0.006656658021766149,,0.0,0.0
00689R,,0.008168453242188572,,0.0,0.0
00690,,0.011513157352712374,,0.0,0.0
00691R,,0.010536643721454996,,0.0,0.0
00692,,0.009936947545850849,,0.0,0.0
00693U,,0.005,,0.0,0.0
00694B,,0.005,,0.0,0.0
00695B,,0.005,,0.0,0.0
00696B,,0.005,,0.0,0.0
00697B,,0.005,,0.0,0.0
00700,,0.0051445598959667625,,0.0,0.0
00701,,0.005,,0.0,0.0
00702,,0.005,,0.0,0.0
00703,,0.012339734365406918,,0.0,0.0
00706L,,0.005,,0.0,0.0
00707R,,0.0070928431687297365,,0.0,0.0
00708L,,0.006712702375102505,,0.0,0.0
00709,,0.008300530406528013,,0.0,0.0
00710B,,0.005,,0.0,0.0
00711B,,0.005192451498497303,,0.0,0.0
00712,,0.005,,0.0,0.0
00713,,0.005,,0.0,0.0
00714,,0.007242833589980293,,0.0,0.0
00715L,,0.06288743901616796,,0.0,0.0
00717,,0.005,,0.0,0.0
00718B,,0.0055365538515464285,,0.0,0.0
00719B,,0.005,,0.0,0.0
00720B,,0.005,,0.0,0.0
00721B,,0.005,,0.0,0.0
00722B,,0.005,,0.0,0.0
00723B,,0.005374623625776183,,0.0,0.0
00724B,,0.005,,0.0,0.0
00725B,,0.005,,0.0,0.0
00726B,,0.005,,0.0,0.0
00727B,,0.005,,0.0,0.0
00728,,0.012391252035382393,,0.0,0.0
00730,,0.008219278242543386,,0.0,0.0
00731,,0.005,,0.0,0.0
00732,,0.005,,0.0,0.0
00733,,0.012469889842869305,,0.0,0.0
00734B,,0.005,,0.0,0.0
00735,,0.011778254144507058,,0.0,0.0
00736,,0.012993310695365353,,0.0,0.0
00737,,0.005495467891913371,,0.0,0.0
00738U,,0.008322963008011759,,0.0,0.0
00739,,0.010519665129526914,,0.0,0.0
00740B,,0.005,,0.0,0.0
00741B,,0.005,,0.0,0.0
00742,,0.006824095341978664,,0.0,0.0
00743,,0.005,,0.0,0.0
00744B,,0.005,,0.0,0.0
00745B,,0.005,,0.0,0.0
00746B,,0.005,,0.0,0.0
00747B,,0.005075228950029098,,0.0,0.0
00748B,,0.005,,0.0,0.0
00749B,,0.005,,0.0,0.0
00750B,,0.005564404524407771,,0.0,0.0
00751B,,0.005,,0.0,0.0
00752,,0.005,,0.0,0.0
00753L,,0.0055953876010798615,,0.0,0.0
00754B,,0.0070047144278125445,,0.0,0.0
00755B,,0.005265063683725866,,0.0,0.0
00756B,,0.005,,0.0,0.0
00757,,0.005,,0.0,0.0
00758B,,0.005837319247351965,,0.0,0.0
00759B,,0.00584042689777473,,0.0,0.0
00760B,,0.005584419346479657,,0.0,0.0
00761B,,0.005205909037641887,,0.0,0.0
00762,,0.009643028600237972,,0.0,0.0
00763U,,0.005,,0.0,0.0
00764B,,0.005,,0.0,0.0
00765B,,0.005,,0.0,0.0
00766L,,0.027817693553527097,,0.0,0.0
00767,,0.056830006329820076,,0.0,0.0
00768B,,0.005,,0.0,0.0
00769B,,0.005,,0.0,0.0
00770,,0.005,,0.0,0.0
00771,,0.005,,0.0,0.0
00772B,,0.005,,0.0,0.0
00773B,,0.005,,0.0,0.0
00774B,,0.005,,0.0,0.0
00775B,,0.007733062914103978,,0.0,0.0
00777B,,0.005739498980513236,,0.0,0.0
00778B,,0.006794299862739881,,0.0,0.0
00779B,,0.006574128658987544,,0.0,0.0
00780B,,0.005143279695110552,,0.0,0.0
00781B,,0.005,,0.0,0.0
00782B,,0.005,,0.0,0.0
00783,,0.009523172617600405,,0.0,0.0
00784B,,0.005102380855603933,,0.0,0.0
00785B,,0.005,,0.0,0.0
00786B,,0.005835194249360214,,0.0,0.0
00787B,,0.006057157108671684,,0.0,0.0
00788B,,0.005,,0.0,0.0
00789B,,0.006867307610413894,,0.0,0.0
00790B,,0.011403713005486175,,0.0,0.0
00791B,,0.005,,0.0,0.0
00792B,,0.006001421651914527,,0.0,0.0
00793B,,0.0056162750327282615,,0.0,0.0
00794B,,0.005,,0.0,0.0
00795B,,0.005,,0.0,0.0
00796B,,0.005,,0.0,0.0
00797B,,0.005369024991337553,,0.0,0.0
00798B,,0.005,,0.0,0.0
00799B,,0.005,,0.0,0.0
00830,,0.005,,0.0,0.0
00831B,,0.005,,0.0,0.0
00832B,,0.014259768023799052,,0.0,0.0
00833B,,0.012192264675166275,,0.0,0.0
00834B,,0.005031429396359349,,0.0,0.0
00835B,,0.007266681630271833,,0.0,0.0
00836B,,0.005874641324214744,,0.0,0.0
00837B,,0.007782160474718295,,0.0,0.0
00838B,,0.005,,0.0,0.0
00839B,,0.0054469977087486365,,0.0,0.0
00840B,,0.006602230534463876,,0.0,0.0
00841B,,0.0066424959037273525,,0.0,0.0
00842B,,0.005,,0.0,0.0
00843B,,0.005,,0.0,0.0
00844B,,0.0071998959342771136,,0.0,0.0
00845B,,0.005,,0.0,0.0
00846B,,0.005,,0.0,0.0
00847B,,0.00653573058988868,,0.0,0.0
00848B,,0.005,,0.0,0.0
00849B,,0.005,,0.0,0.0
00850,,0.009264297755536138,,0.0,0.0
00851,,0.013072503636662335,,0.0,0.0
00852L,,0.013178317477527556,,0.0,0.0
00853B,,0.005313599255945811,,0.0,0.0
00854B,,0.007103567968193042,,0.0,0.0
00855B,,0.006673986754574417,,0.0,0.0
00856B,,0.005,,0.0,0.0
00857B,,0.005,,0.0,0.0
00858,,0.005,,0.0,0.0
00859B,,0.005,,0.0,0.0
00860B,,0.005,,0.0,0.0
00861,,0.00546908100156204,,0.0,0.0
00862B,,0.005739011931964177,,0.0,0.0
00863B,,0.0056531704511682684,,0.0,0.0
00864B,,0.005,,0.0,0.0
00865B,,0.005,,0.0,0.0
00866,,0.006206109047949584,,0.0,0.0
00867B,,0.0073289013501214,,0.0,0.0
00868B,,0.005,,0.0,0.0
00869B,,0.00928508921418324,,0.0,0.0
00870B,,0.005,,0.0,0.0
00871B,,0.005,,0.0,0.0
00872B,,0.005,,0.0,0.0
00873B,,0.005,,0.0,0.0
00874B,,0.005,,0.0,0.0
00875,,0.005,,0.0,0.0
00876,,0.007570913555190454,,0.0,0.0
00877,,0.00639815274957797,,0.0,0.0
00878,,0.005,,0.0,0.0
00879B,,0.005,,0.0,0.0
00880B,,0.00572861185228231,,0.0,0.0
00881,,0.010973604538805573,,0.0,0.0
00882,,0.005,,0.0,0.0
00883B,,0.0054263738320914235,,0.0,0.0
00884B,,0.005553269992443542,,0.0,0.0
00885,,0.005,,0.0,0.0
00886,,0.010888091968688013,,0.0,0.0
00887,,0.005008452683487074,,0.0,0.0
00888,,0.010494035656088734,,0.0,0.0
00889B,,0.005,,0.0,0.0
00890B,,0.005985069852288753,,0.0,0.0
00891,,0.010600177980856476,,0.0,0.0
00892,,0.011537839646055731,,0.0,0.0
00893,,0.005648790134661364,,0.0,0.0
00894,,0.012484818978415982,,0.0,0.0
00895,,0.009587760724698352,,0.0,0.0
00896,,0.009354088624654202,,0.0,0.0
00897,,0.012072471605781692,,0.0,0.0
00898,,0.010938010766654245,,0.0,0.0
00899,,0.005,,0.0,0.0
00900,,0.005389449097318252,,0.0,0.0
00901,,0.018360512675000645,,0.0,0.0
00902,,0.007665034361891019,,0.0,0.0
00903,,0.013230248551076346,,0.0,0.0
00904,,0.011530646797236034,,0.0,0.0
00905,,0.008917846708252162,,0.0,0.0
00906,,0.010222930565617681,,0.0,0.0
00907,,0.005,,0.0,0.0
00908,,0.0053010520644063116,,0.0,0.0
00909,,0.005,,0.0,0.0
00910,,0.005,,0.0,0.0
00911,,0.005,,0.0,0.0
00912,,0.011503440606839558,,0.0,0.0
00913,,0.012122000731833782,,0.0,0.0
00915,,0.005,,0.0,0.0
00916,,0.005,,0.0,0.0
00917,,0.005,,0.0,0.0
00918,,0.005075557032109174,,0.0,0.0
00919,,0.005443741871259685,,0.0,0.0
00920,,0.006516918959070151,,0.0,0.0
00921,,0.006746546473397819,,0.0,0.0
00922,,0.005,,0.0,0.0
00923,,0.009340501052277355,,0.0,0.0
00924,,0.005,,0.0,0.0
00925,,0.011717471840506026,,0.0,0.0
00926,,0.005908336315061365,,0.0,0.0
00927,,0.01035398868385513,,0.0,0.0
00928,,0.023362293037221704,,0.0,0.0
00929,,0.005,,0.0,0.0
00930,,0.006314226756798454,,0.0,0.0
00931B,,0.005,,0.0,0.0
00932,,0.007019617413057292,,0.0,0.0
00933B,,0.005,,0.0,0.0
00934,,0.0076739637817424605,,0.0,0.0
00935,,0.005,,0.0,0.0
00936,,0.005342624820994499,,0.0,0.0
00937B,,0.005,,0.0,0.0
00938,,0.006899276226229479,,0.0,0.0
00939,,0.005,,0.0,0.0
00940,,0.005,,0.0,0.0
00941,,0.005141735702680941,,0.0,0.0
00942B,,0.005,,0.0,0.0
00943,,0.011205158693113785,,0.0,0.0
00944,,0.007075165578867934,,0.0,0.0
00945B,,0.005,,0.0,0.0
00946,,0.006789075890212227,,0.0,0.0
00947,,0.005,,0.0,0.0
00948B,,0.005,,0.0,0.0
00949,,0.0057225193646584125,,0.0,0.0
00950B,,0.005,,0.0,0.0
00951,,0.010726022181149956,,0.0,0.0
00952,,0.011318781006031238,,0.0,0.0
00953B,,0.005,,0.0,0.0
00954,,0.007544877669084159,,0.0,0.0
00955,,0.009575558492982278,,0.0,0.0
00956,,0.006556615057101869,,0.0,0.0
00957B,,0.005,,0.0,0.0
00958B,,0.005,,0.0,0.0
00959B,,0.005,,0.0,0.0
00960,,0.006121723018061105,,0.0,0.0
00961,,0.005532038202382529,,0.0,0.0
00962,,0.008164618618650595,,0.0,0.0
00963,,0.005,,0.0,0.0
00964,,0.006043946717750433,,0.0,0.0
00965,,0.005,,0.0,0.0
00966B,,0.005086744396393164,,0.0,0.0
00967B,,0.005,,0.0,0.0
00968B,,0.005,,0.0,0.0
00969B,,0.007629001849609849,,0.0,0.0
00970B,,0.005,,0.0,0.0
00971,,0.005,,0.0,0.0
00972,,0.008884483468500428,,0.0,0.0
009800,,0.005,,0.0,0.0
009801,,0.005,,0.0,0.0
009802,,0.009234618254038929,,0.0,0.0
009803,,0.011341221491277467,,0.0,0.0
009804,,0.008990494720774763,,0.0,0.0
009805,,0.005,,0.0,0.0
009806,,0.005766269729115383,,0.0,0.0
009807,,0.012953032969943695,,0.0,0.0
009808,,0.013943446015439686,,0.0,0.0
009809,,0.014814048813297408,,0.0,0.0
00980A,,0.005,,0.0,0.0
00980B,,0.005,,0.0,0.0
00980D,,0.005,,0.0,0.0
00980T,,0.006502602255428863,,0.0,0.0
009810,,0.005113966087290788,,0.0,0.0
009811,,0.005,,0.0,0.0
009812,,0.006562559565647031,,0.0,0.0
009813,,0.005,,0.0,0.0
009814,,0.005,,0.0,0.0
009815,,0.005,,0.0,0.0
00981A,,0.005,,0.0,0.0
00981B,,0.005,,0.0,0.0
00981D,,0.005,,0.0,0.0
00981T,,0.005,,0.0,0.0
00982A,,0.011211093839320885,,0.0,0.0
00982B,,0.005,,0.0,0.0
00982D,,0.005,,0.0,0.0
00982T,,0.009541081047763371,,0.0,0.0
00983A,,0.005,,0.0,0.0
00983B,,0.005631316599542882,,0.0,0.0
00983D,,0.005,,0.0,0.0
00984A,,0.006556015173198011,,0.0,0.0
00984B,,0.005,,0.0,0.0
00985A,,0.009428881366739214,,0.0,0.0
00985B,,0.005,,0.0,0.0
00986A,,0.0062245174177182686,,0.0,0.0
00987A,,0.015041680420871518,,0.0,0.0
00988A,,0.005,,0.0,0.0
00989A,,0.005,,0.0,0.0
00990A,,0.00848138848836255,,0.0,0.0
00991A,,0.005,,0.0,0.0
00992A,,0.01431699196132203,,0.0,0.0
00994A,,0.011770649491849219,,0.0,0.0
00995A,,0.005,,0.0,0.0
1101,,0.008454487446790362,,0.0,0.0
1102,,0.005,,0.0,0.0
1103,,0.005457530417308425,,0.0,0.0
1104,,0.005,,0.0,0.0
1108,,0.005,,0.0,0.0
1109,,0.005,,0.0,0.0
1110,,0.005609428931211317,,0.0,0.0
1201,,0.005,,0.0,0.0
1203,,0.005129989102676748,,0.0,0.0
1210,,0.005190099754351611,,0.0,0.0
1213,,0.02605835515592408,,0.0,0.0
1215,,0.005,,0.0,0.0
1216,,0.005,,0.0,0.0
1217,,0.005,,0.0,0.0
1218,,0.007749937344028422,,0.0,0.0
1219,,0.005,,0.0,0.0
1220,,0.005,,0.0,0.0
1225,,0.007675641458608285,,0.0,0.0
1227,,0.005,,0.0,0.0
1229,,0.005,,0.0,0.0
1231,,0.013464943119856417,,0.0,0.0
1232,,0.005,,0.0,0.0
1233,,0.01370097906675684,,0.0,0.0
1234,,0.005,,0.0,0.0
1235,,0.01893858212302009,,0.0,0.0
1236,,0.007280941267612762,,0.0,0.0
1240,,0.005,,0.0,0.0
1256,,0.0144871757702249,,0.0,0.0
1258,,0.005,,0.0,0.0
1259,,0.02012227712979102,,0.0,0.0
1260,,0.022332345146993695,,0.0,0.0
1262,,0.005,,0.0,0.0
1264,,0.005,,0.0,0.0
1268,,0.005038875606570781,,0.0,0.0
1269,,0.02591391196797043,,0.0,0.0
1271,,0.016177281869775777,,0.0,0.0
1293,,0.01925841944230138,,0.0,0.0
1294,,0.009357403759649673,,0.0,0.0
1295,,0.010716855363465123,,0.0,0.0
1301,,0.006488763631305621,,0.0,0.0
1303,,0.02237697107620888,,0.0,0.0
1304,,0.012787108963759022,,0.0,0.0
1305,,0.022628624940370292,,0.0,0.0
1307,,0.005,,0.0,0.0
1308,,0.01931309956568121,,0.0,0.0
1309,,0.022590418739635878,,0.0,0.0
1310,,0.009632250646588514,,0.0,0.0
1312,,0.011385137616135233,,0.0,0.0
1313,,0.005,,0.0,0.0
1314,,0.015076975029366833,,0.0,0.0
1315,,0.007858337535163525,,0.0,0.0
1316,,0.005,,0.0,0.0
1319,,0.00775981310543675,,0.0,0.0
1321,,0.009052221888985272,,0.0,0.0
1323,,0.005514546006892986,,0.0,0.0
1324,,0.005,,0.0,0.0
1325,,0.005312593223503762,,0.0,0.0
1326,,0.00826311366628441,,0.0,0.0
1333,,0.049326724548069814,,0.0,0.0
1336,,0.005,,0.0,0.0
1337,,0.006430742338944909,,0.0,0.0
1338,,0.010560403626160031,,0.0,0.0
1339,,0.007505017197029434,,0.0,0.0
1340,,0.00828011442524948,,0.0,0.0
1341,,0.015874640718313248,,0.0,0.0
1342,,0.017125226776611626,,0.0,0.0
1343,,0.021901157538597553,,0.0,0.0
1402,,0.006350906211640188,,0.0,0.0
1409,,0.012409009191160138,,0.0,0.0
1410,,0.013114872185787873,,0.0,0.0
1413,,0.008524887586732269,,0.0,0.0
1414,,0.009543077907239733,,0.0,0.0
1416,,0.005,,0.0,0.0
1417,,0.005,,0.0,0.0
1418,,0.008816332975657485,,0.0,0.0
1419,,0.0057226404842063115,,0.0,0.0
1423,,0.01546733745571678,,0.0,0.0
1432,,0.022806608576735467,,0.0,0.0
1434,,0.005,,0.0,0.0
1435,,0.02021500596186766,,0.0,0.0
1436,,0.005,,0.0,0.0
1437,,0.008941260983156096,,0.0,0.0
1438,,0.02270362522755002,,0.0,0.0
1439,,0.01159045345483298,,0.0,0.0
1440,,0.005,,0.0,0.0
1441,,0.005,,0.0,0.0
1442,,0.016235163406696104,,0.0,0.0
1443,,0.005,,0.0,0.0
1444,,0.005,,0.0,0.0
1445,,0.020433738335731762,,0.0,0.0
1446,,0.016466306903002274,,0.0,0.0
1447,,0.005,,0.0,0.0
1449,,0.005,,0.0,0.0
1451,,0.006111868147858661,,0.0,0.0
1452,,0.005,,0.0,0.0
1453,,0.005,,0.0,0.0
1454,,0.0070857993789988655,,0.0,0.0
1455,,0.005,,0.0,0.0
1456,,0.009209682715751868,,0.0,0.0
1457,,0.009573962210062873,,0.0,0.0
1459,,0.00739002655958351,,0.0,0.0
1460,,0.0072035980566718515,,0.0,0.0
1463,,0.005,,0.0,0.0
1464,,0.005,,0.0,0.0
1465,,0.005,,0.0,0.0
1466,,0.01803389132309019,,0.0,0.0
1467,,0.008893352132142212,,0.0,0.0
1468,,0.012991244136100703,,0.0,0.0
1470,,0.018272818702356454,,0.0,0.0
1471,,0.023160317990495817,,0.0,0.0
1472,,0.005176953731126688,,0.0,0.0
1473,,0.00996926145864983,,0.0,0.0
1474,,0.0052903778721913024,,0.0,0.0
1475,,0.0116105973460308,,0.0,0.0
1476,,0.005,,0.0,0.0
1477,,0.005,,0.0,0.0
1480,,0.017993110654719435,,0.0,0.0
1503,,0.005361502417584152,,0.0,0.0
1504,,0.005,,0.0,0.0
1506,,0.005,,0.0,0.0
1507,,0.005,,0.0,0.0
1512,,0.02376418413942113,,0.0,0.0
1513,,0.008181679544128385,,0.0,0.0
1514,,0.008994517086176431,,0.0,0.0
1515,,0.007556760408878797,,0.0,0.0
1516,,0.01404535662574479,,0.0,0.0
1517,,0.007527864224169219,,0.0,0.0
1519,,0.005,,0.0,0.0
1521,,0.005,,0.0,0.0
1522,,0.021633263425009354,,0.0,0.0
1524,,0.005,,0.0,0.0
1525,,0.006649590868850945,,0.0,0.0
1526,,0.008558067761490923,,0.0,0.0
1527,,0.005,,0.0,0.0
1528,,0.005,,0.0,0.0
1529,,0.010964437589744908,,0.0,0.0
1530,,0.015545425695850441,,0.0,0.0
1531,,0.01575723953523861,,0.0,0.0
1532,,0.008691949558159714,,0.0,0.0
1533,,0.011507058573177787,,0.0,0.0
1535,,0.014166353392849516,,0.0,0.0
1536,,0.005966682916851347,,0.0,0.0
1537,,0.005,,0.0,0.0
1538,,0.040781959282416506,,0.0,0.0
1539,,0.014920889814657607,,0.0,0.0
1540,,0.007675051918094668,,0.0,0.0
1541,,0.016519912138505302,,0.0,0.0
1558,,0.005,,0.0,0.0
1560,,0.014107888939417007,,0.0,0.0
1563,,0.007023787890356035,,0.0,0.0
1565,,0.005,,0.0,0.0
1568,,0.009847819710753956,,0.0,0.0
1569,,0.01029854744744281,,0.0,0.0
1570,,0.005,,0.0,0.0
1580,,0.005223017961885467,,0.0,0.0
1582,,0.011115451340797593,,0.0,0.0
1583,,0.013114904275772533,,0.0,0.0
1584,,0.016512252445924,,0.0,0.0
1585,,0.020715971053207806,,0.0,0.0
1586,,0.005,,0.0,0.0
1587,,0.005,,0.0,0.0
1589,,0.04418460543042317,,0.0,0.0
1590,,0.015338840335390715,,0.0,0.0
1591,,0.015172704805460843,,0.0,0.0
1592,,0.04046576129498724,,0.0,0.0
1593,,0.006885069816382104,,0.0,0.0
1594,,0.0418811271516279,,0.0,0.0
1595,,0.009481324877312396,,0.0,0.0
1597,,0.009767098244884389,,0.0,0.0
1598,,0.011678452070805872,,0.0,0.0
1599,,0.005,,0.0,0.0
1603,,0.01572982054507498,,0.0,0.0
1604,,0.005,,0.0,0.0
1605,,0.01711234310228299,,0.0,0.0
1608,,0.010818522789034928,,0.0,0.0
1609,,0.0059665680173996835,,0.0,0.0
1611,,0.005,,0.0,0.0
1612,,0.005,,0.0,0.0
1614,,0.011861499234605903,,0.0,0.0
1615,,0.013085975763019467,,0.0,0.0
1616,,0.005,,0.0,0.0
1617,,0.00520822757213243,,0.0,0.0
1618,,0.0065612442553218365,,0.0,0.0
1623,,0.00821505956246478,,0.0,0.0
1626,,0.006112331890364794,,0.0,0.0
1701,,0.005,,0.0,0.0
1702,,0.005,,0.0,0.0
1707,,0.005,,0.0,0.0
1708,,0.02014372300905455,,0.0,0.0
1709,,0.007830323706054234,,0.0,0.0
1710,,0.00835139247185067,,0.0,0.0
1711,,0.025147361697141882,,0.0,0.0
1712,,0.005,,0.0,0.0
1713,,0.006912725881267345,,0.0,0.0
1714,,0.01730382872765099,,0.0,0.0
1717,,0.021484746450999282,,0.0,0.0
1718,,0.01033579133934126,,0.0,0.0
1720,,0.005,,0.0,0.0
1721,,0.022183211692223277,,0.0,0.0
1722,,0.005,,0.0,0.0
1723,,0.01844746633422014,,0.0,0.0
1724,,0.005,,0.0,0.0
1725,,0.025954198746607118,,0.0,0.0
1726,,0.006524119478241285,,0.0,0.0
1727,,0.030604076192437008,,0.0,0.0
1730,,0.005,,0.0,0.0
1731,,0.005,,0.0,0.0
1732,,0.005,,0.0,0.0
1733,,0.005935213119717894,,0.0,0.0
1734,,0.005,,0.0,0.0
1735,,0.02310678158571653,,0.0,0.0
1736,,0.009397841677998599,,0.0,0.0
1737,,0.005,,0.0,0.0
1742,,0.007353902829966633,,0.0,0.0
1752,,0.005,,0.0,0.0
1760,,0.006685532693299048,,0.0,0.0
1762,,0.008616644063578788,,0.0,0.0
1773,,0.010976819308027814,,0.0,0.0
1776,,0.007457001769343465,,0.0,0.0
1777,,0.00949463139102337,,0.0,0.0
1780,,0.008633690023976437,,0.0,0.0
1781,,0.008063237227719266,,0.0,0.0
1783,,0.006803067193749781,,0.0,0.0
1784,,0.005,,0.0,0.0
1785,,0.011314110188044865,,0.0,0.0
1786,,0.005,,0.0,0.0
1787,,0.005,,0.0,0.0
1788,,0.005,,0.0,0.0
1789,,0.008366084554057095,,0.0,0.0
1795,,0.02571454423571087,,0.0,0.0
1796,,0.01318996631877378,,0.0,0.0
1799,,0.022433793528618053,,0.0,0.0
1802,,0.014296775713428562,,0.0,0.0
1805,,0.010089839017761974,,0.0,0.0
1806,,0.005,,0.0,0.0
1808,,0.014145953636026855,,0.0,0.0
1809,,0.014028358860074766,,0.0,0.0
1810,,0.006548696870033703,,0.0,0.0
1813,,0.005,,0.0,0.0
1814,,0.0637929169081282,,0.0,0.0
1815,,0.00832196069735825,,0.0,0.0
1817,,0.00504985821827738,,0.0,0.0
1902,,0.005,,0.0,0.0
1903,,0.005440517499100565,,0.0,0.0
1904,,0.005,,0.0,0.0
1905,,0.0058831500904415615,,0.0,0.0
1906,,0.010579996384359735,,0.0,0.0
1907,,0.005,,0.0,0.0
1909,,0.007519539226867829,,0.0,0.0
2002,,0.005,,0.0,0.0
2006,,0.01227298445178115,,0.0,0.0
2007,,0.005,,0.0,0.0
2008,,0.011442318334197168,,0.0,0.0
2009,,0.009633074491384385,,0.0,0.0
2010,,0.00891258872239935,,0.0,0.0
2012,,0.01752118675394348,,0.0,0.0
2013,,0.005,,0.0,0.0
2014,,0.008094597888255686,,0.0,0.0
2015,,0.009897372918238865,,0.0,0.0
2017,,0.011241821147486387,,0.0,0.0
2020,,0.005,,0.0,0.0
2022,,0.005,,0.0,0.0
2023,,0.005,,0.0,0.0
2024,,0.0058337524662203395,,0.0,0.0
2025,,0.008778691412743816,,0.0,0.0
2027,,0.005129130001330622,,0.0,0.0
2028,,0.013365389342785647,,0.0,0.0
2029,,0.008762351939119076,,0.0,0.0
2030,,0.005,,0.0,0.0
2031,,0.01229336254085315,,0.0,0.0
2032,,0.0058566737234423795,,0.0,0.0
2033,,0.007673029949510457,,0.0,0.0
2034,,0.007056981779199886,,0.0,0.0
2035,,0.005,,0.0,0.0
2038,,0.005,,0.0,0.0
2049,,0.007757129400135405,,0.0,0.0
2059,,0.006861189946153702,,0.0,0.0
2061,,0.01318915422524068,,0.0,0.0
2062,,0.0064234952173725735,,0.0,0.0
2063,,0.012916185807939426,,0.0,0.0
2064,,0.01300469662184533,,0.0,0.0
2065,,0.0063999692147284435,,0.0,0.0
2066,,0.019765197140730446,,0.0,0.0
2067,,0.01253872854181804,,0.0,0.0
2069,,0.005,,0.0,0.0
2070,,0.012397354599440347,,0.0,0.0
2071,,0.037750972693761806,,0.0,0.0
2072,,0.005143403984314691,,0.0,0.0
2073,,0.017676103426275763,,0.0,0.0
2101,,0.0059842824543991134,,0.0,0.0
2102,,0.008908326199585688,,0.0,0.0
2103,,0.010983498938174257,,0.0,0.0
2104,,0.007469998517805406,,0.0,0.0
2105,,0.006659798724939799,,0.0,0.0
2106,,0.00539944939046086,,0.0,0.0
2107,,0.005,,0.0,0.0
2108,,0.007608775276869757,,0.0,0.0
2109,,0.005,,0.0,0.0
2114,,0.005,,0.0,0.0
2115,,0.005,,0.0,0.0
2201,,0.006425362559458326,,0.0,0.0
2204,,0.013085116686797117,,0.0,0.0
2206,,0.005,,0.0,0.0
2207,,0.007791711865289678,,0.0,0.0
2208,,0.005,,0.0,0.0
2211,,0.005239892907720327,,0.0,0.0
2221,,0.007273944150719364,,0.0,0.0
2227,,0.005,,0.0,0.0
2228,,0.005440131923038704,,0.0,0.0
2230,,0.005,,0.0,0.0
2231,,0.005840208030833476,,0.0,0.0
2233,,0.01102117495115115,,0.0,0.0
2235,,0.023244293333198215,,0.0,0.0
2236,,0.012021624134685362,,0.0,0.0
2237,,0.011933120005915112,,0.0,0.0
2239,,0.005766576528048511,,0.0,0.0
2241,,0.007570914948621309,,0.0,0.0
2243,,0.02185174101973886,,0.0,0.0
2245,,0.022501792539858925,,0.0,0.0
2246,,0.1602180484961643,,0.0,0.0
2247,,0.005347773087819867,,0.0,0.0
2248,,0.012439037138586356,,0.0,0.0
2249,,0.016790632875985628,,0.0,0.0
2250,,0.007217906650408017,,0.0,0.0
2252,,0.021360581184532518,,0.0,0.0
2254,,0.01868352226021816,,0.0,0.0
2255,,0.014285303625383742,,0.0,0.0
2256,,0.06364597374615805,,0.0,0.0
2258,,0.011974760199040138,,0.0,0.0
2301,,0.011694195053020244,,0.0,0.0
2302,,0.022651429527355403,,0.0,0.0
2303,,0.009919148309321682,,0.0,0.0
2305,,0.02211887534038618,,0.0,0.0
2308,,0.01996123912955181,,0.0,0.0
2312,,0.007814009931729645,,0.0,0.0
2313,,0.020211959760342173,,0.0,0.0
2314,,0.009281111976231226,,0.0,0.0
2316,,0.009849485056477258,,0.0,0.0
2317,,0.011350251714990243,,0.0,0.0
2321,,0.034200725333226614,,0.0,0.0
2323,,0.023698945118147085,,0.0,0.0
2324,,0.005,,0.0,0.0
2327,,0.013807625967468356,,0.0,0.0
2328,,0.010437052546583758,,0.0,0.0
2329,,0.024982588665645622,,0.0,0.0
2330,,0.006650797804848839,,0.0,0.0
2331,,0.016476099712818822,,0.0,0.0
2332,,0.005659093959336328,,0.0,0.0
2337,,0.030204080911406365,,0.0,0.0
2338,,0.005,,0.0,0.0
2340,,0.008983958853796234,,0.0,0.0
2342,,0.013406086198490114,,0.0,0.0
2344,,0.02096062691042644,,0.0,0.0
2345,,0.015529109307708549,,0.0,0.0
2347,,0.005,,0.0,0.0
2348,,0.010192540230630981,,0.0,0.0
2349,,0.014280535718265229,,0.0,0.0
2351,,0.011656497339701692,,0.0,0.0
2352,,0.009100043740199359,,0.0,0.0
2353,,0.009943892290112173,,0.0,0.0
2354,,0.007259764797245115,,0.0,0.0
2355,,0.005,,0.0,0.0
2356,,0.005,,0.0,0.0
2357,,0.005,,0.0,0.0
2358,,0.03567477950181753,,0.0,0.0
2359,,0.00964682556490199,,0.0,0.0
2360,,0.02253547278853454,,0.0,0.0
2362,,0.005691145184576619,,0.0,0.0
2363,,0.008736034201062141,,0.0,0.0
2364,,0.007590459633702924,,0.0,0.0
2365,,0.016941220891006043,,0.0,0.0
2367,,0.012403966046437134,,0.0,0.0
2368,,0.006570650239112911,,0.0,0.0
2369,,0.016422078339217668,,0.0,0.0
2371,,0.007827852629392796,,0.0,0.0
2373,,0.007503164189819145,,0.0,0.0
2374,,0.007345900611990345,,0.0,0.0
2375,,0.006590305356056107,,0.0,0.0
2376,,0.01278836344319255,,0.0,0.0
2377,,0.005587023369411767,,0.0,0.0
2379,,0.007059120218754199,,0.0,0.0
2380,,0.015147904738977716,,0.0,0.0
2382,,0.005,,0.0,0.0
2383,,0.016997882778904586,,0.0,0.0
2385,,0.005,,0.0,0.0
2387,,0.0050722219273063715,,0.0,0.0
2388,,0.005,,0.0,0.0
2390,,0.005,,0.0,0.0
2392,,0.007281632491179642,,0.0,0.0
2393,,0.009106500937099249,,0.0,0.0
2395,,0.005,,0.0,0.0
2397,,0.005,,0.0,0.0
2399,,0.016506552121656384,,0.0,0.0
2401,,0.005,,0.0,0.0
2402,,0.006700827268138962,,0.0,0.0
2404,,0.012055281760073817,,0.0,0.0
2405,,0.006332756560982652,,0.0,0.0
2406,,0.005716747604705598,,0.0,0.0
2408,,0.01276806934926192,,0.0,0.0
2409,,0.01842496293574837,,0.0,0.0
2412,,0.005,,0.0,0.0
2413,,0.013176066173890945,,0.0,0.0
2414,,0.0138688789033445,,0.0,0.0
2415,,0.014029070090896432,,0.0,0.0
2417,,0.0069869401704761,,0.0,0.0
2419,,0.008350294247468262,,0.0,0.0
2420,,0.005,,0.0,0.0
2421,,0.005565662754396929,,0.0,0.0
2423,,0.013510966591271384,,0.0,0.0
2424,,0.011731045504404427,,0.0,0.0
2425,,0.030877556632907095,,0.0,0.0
2426,,0.036022951917107145,,0.0,0.0
2427,,0.005,,0.0,0.0
2428,,0.0057392304334173555,,0.0,0.0
2429,,0.014093365491515969,,0.0,0.0
2430,,0.005,,0.0,0.0
2431,,0.005425917891486653,,0.0,0.0
2432,,0.026376000326123555,,0.0,0.0
2433,,0.005,,0.0,0.0
2434,,0.005,,0.0,0.0
2436,,0.017278004302645325,,0.0,0.0
2438,,0.005516579284416437,,0.0,0.0
2439,,0.014100396943869197,,0.0,0.0
2440,,0.012812950136523766,,0.0,0.0
2441,,0.006146769200482477,,0.0,0.0
2442,,0.020844157745489145,,0.0,0.0
2443,,0.0318418036943267,,0.0,0.0
2444,,0.005,,0.0,0.0
2448,,0.03275630229967655,,0.0,0.0
2449,,0.005378232796064151,,0.0,0.0
2450,,0.005,,0.0,0.0
2451,,0.01416950385830866,,0.0,0.0
2453,,0.014898913938119809,,0.0,0.0
2454,,0.008654065355985518,,0.0,0.0
2455,,0.014538611738358265,,0.0,0.0
2456,,0.005,,0.0,0.0
2457,,0.007047316497390799,,0.0,0.0
2458,,0.013655501925622447,,0.0,0.0
2459,,0.005,,0.0,0.0
2460,,0.010895071581349029,,0.0,0.0
2461,,0.005,,0.0,0.0
2462,,0.007770175195966895,,0.0,0.0
2464,,0.008700599562992538,,0.0,0.0
2465,,0.02425400723737376,,0.0,0.0
2466,,0.011815377761225427,,0.0,0.0
2467,,0.005,,0.0,0.0
2468,,0.02289954460463066,,0.0,0.0
2471,,0.005,,0.0,0.0
2472,,0.00816530220504214,,0.0,0.0
2474,,0.006539857575193626,,0.0,0.0
2476,,0.01750833486783346,,0.0,0.0
2477,,0.008697186912726751,,0.0,0.0
2478,,0.011116630705059811,,0.0,0.0
2480,,0.005,,0.0,0.0
2481,,0.008609500589423561,,0.0,0.0
2482,,0.005266290655636592,,0.0,0.0
2483,,0.005322028150709248,,0.0,0.0
2484,,0.006065283844936149,,0.0,0.0
2485,,0.022444051525153927,,0.0,0.0
2486,,0.02219195443435118,,0.0,0.0
2488,,0.005,,0.0,0.0
2489,,0.022272037007515642,,0.0,0.0
2491,,0.015968593062237923,,0.0,0.0
2492,,0.013355417496005028,,0.0,0.0
2493,,0.007302634091818029,,0.0,0.0
2495,,0.019892706788706,,0.0,0.0
2496,,0.005,,0.0,0.0
2497,,0.009866131362851392,,0.0,0.0
2498,,0.01457994351164715,,0.0,0.0
2499,,0.06230849581596524,,0.0,0.0
2501,,0.008120126324202231,,0.0,0.0
2504,,0.005,,0.0,0.0
2505,,0.009338827228623501,,0.0,0.0
2506,,0.005263603443396266,,0.0,0.0
2509,,0.006035788681669339,,0.0,0.0
2511,,0.005,,0.0,0.0
2514,,0.005292338012327357,,0.0,0.0
2515,,0.005229411990575041,,0.0,0.0
2516,,0.005188951136882929,,0.0,0.0
2520,,0.005,,0.0,0.0
2524,,0.008421660324063008,,0.0,0.0
2527,,0.0077530676471363955,,0.0,0.0
2528,,0.005,,0.0,0.0
2530,,0.006969654147948768,,0.0,0.0
2534,,0.005,,0.0,0.0
2535,,0.005,,0.0,0.0
2536,,0.007251818198897839,,0.0,0.0
2537,,0.0079343070709696,,0.0,0.0
2538,,0.006555171235853216,,0.0,0.0
2539,,0.005,,0.0,0.0
2540,,0.013704186993535518,,0.0,0.0
2542,,0.007048236859186233,,0.0,0.0
2543,,0.005,,0.0,0.0
2545,,0.009420503054926884,,0.0,0.0
2546,,0.005,,0.0,0.0
2547,,0.005884389414473173,,0.0,0.0
2548,,0.005,,0.0,0.0
2596,,0.011800090308899893,,0.0,0.0
2597,,0.005729752161700224,,0.0,0.0
2599,,0.024781285812778508,,0.0,0.0
2601,,0.008412833995102943,,0.0,0.0
2603,,0.005,,0.0,0.0
2605,,0.008494374402140206,,0.0,0.0
2606,,0.008573768108056686,,0.0,0.0
2607,,0.006237767739585707,,0.0,0.0
2608,,0.005,,0.0,0.0
2609,,0.012111013018245192,,0.0,0.0
2610,,0.005,,0.0,0.0
2611,,0.005,,0.0,0.0
2612,,0.010858496669188745,,0.0,0.0
2613,,0.005,,0.0,0.0
2614,,0.005214084622652248,,0.0,0.0
2615,,0.005,,0.0,0.0
2616,,0.026266018845929384,,0.0,0.0
2617,,0.01006313249889465,,0.0,0.0
2618,,0.00918014588062199,,0.0,0.0
2630,,0.009337751019954864,,0.0,0.0
2633,,0.005,,0.0,0.0
2634,,0.005,,0.0,0.0
2636,,0.00615785570920695,,0.0,0.0
2637,,0.007889479486903314,,0.0,0.0
2640,,0.012774327620019663,,0.0,0.0
2641,,0.005,,0.0,0.0
2642,,0.005,,0.0,0.0
2643,,0.0077339312063891275,,0.0,0.0
2644,,0.008877793124306848,,0.0,0.0
2645,,0.005916546913550397,,0.0,0.0
2646,,0.005,,0.0,0.0
2701,,0.005,,0.0,0.0
2702,,0.0124298341036111,,0.0,0.0
2704,,0.00887475613937605,,0.0,0.0
2705,,0.005,,0.0,0.0
2706,,0.005,,0.0,0.0
2707,,0.005,,0.0,0.0
2712,,0.00962008843039553,,0.0,0.0
2718,,0.013511687732533398,,0.0,0.0
2719,,0.008243237334009744,,0.0,0.0
2721,,0.08709599541533103,,0.0,0.0
2722,,0.010506011041797412,,0.0,0.0
2723,,0.013263826247300678,,0.0,0.0
2724,,0.024789424827553044,,0.0,0.0
2726,,0.007745911250999053,,0.0,0.0
2727,,0.005,,0.0,0.0
2729,,0.007791420727926605,,0.0,0.0
2730,,0.07212288423229682,,0.0,0.0
2731,,0.005480920112846624,,0.0,0.0
2732,,0.01377737663249819,,0.0,0.0
2733,,0.0165757602156585,,0.0,0.0
2734,,0.008526529907203309,,0.0,0.0
2736,,0.010611446761857551,,0.0,0.0
2739,,0.010087933818273267,,0.0,0.0
2740,,0.029698367467545905,,0.0,0.0
2741,,0.02417977978616592,,0.0,0.0
2743,,0.010728677635484069,,0.0,0.0
2745,,0.005,,0.0,0.0
2748,,0.01060760292495673,,0.0,0.0
2750,,0.023690960654347257,,0.0,0.0
2751,,0.016674275911664024,,0.0,0.0
2752,,0.017116159335878862,,0.0,0.0
2753,,0.010138146057863631,,0.0,0.0
2754,,0.0154135498631753,,0.0,0.0
2755,,0.009985557205000505,,0.0,0.0
2756,,0.009805665095323025,,0.0,0.0
2758,,0.00517696733642396,,0.0,0.0
2760,,0.012708310343925186,,0.0,0.0
2761,,0.013347995446290551,,0.0,0.0
2762,,0.014351578368844986,,0.0,0.0
2801,,0.005,,0.0,0.0
2809,,0.005,,0.0,0.0
2812,,0.005643775641000935,,0.0,0.0
2816,,0.011490575108703277,,0.0,0.0
2820,,0.005,,0.0,0.0
2823,,0.005,,0.0,0.0
2832,,0.005,,0.0,0.0
2834,,0.005,,0.0,0.0
2836,,0.005,,0.0,0.0
2838,,0.005,,0.0,0.0
2841,,0.030375747238438732,,0.0,0.0
2845,,0.005,,0.0,0.0
2849,,0.005,,0.0,0.0
2850,,0.008634268468014022,,0.0,0.0
2851,,0.01800431821680844,,0.0,0.0
2852,,0.014175188714414188,,0.0,0.0
2855,,0.005,,0.0,0.0
2867,,0.005,,0.0,0.0
2880,,0.005,,0.0,0.0
2881,,0.005,,0.0,0.0
2882,,0.005,,0.0,0.0
2883,,0.005,,0.0,0.0
2884,,0.005,,0.0,0.0
2885,,0.00556504827116872,,0.0,0.0
2886,,0.005,,0.0,0.0
2887,,0.005,,0.0,0.0
2888,,0.00953628466692169,,0.0,0.0
2889,,0.006875656815945394,,0.0,0.0
2890,,0.005,,0.0,0.0
2891,,0.005,,0.0,0.0
2892,,0.005,,0.0,0.0
2897,,0.005433761290207901,,0.0,0.0
2901,,0.007739181138061243,,0.0,0.0
2903,,0.005,,0.0,0.0
2904,,0.006060066429893081,,0.0,0.0
2905,,0.006444821611675231,,0.0,0.0
2906,,0.01254540520215104,,0.0,0.0
2908,,0.005,,0.0,0.0
2910,,0.02554205715676227,,0.0,0.0
2911,,0.017505837539209354,,0.0,0.0
2912,,0.005,,0.0,0.0
2913,,0.005,,0.0,0.0
2915,,0.005,,0.0,0.0
2916,,0.005,,0.0,0.0
2923,,0.017079586908221013,,0.0,0.0
2924,,0.023028799500929384,,0.0,0.0
2926,,0.009454239317102412,,0.0,0.0
2928,,0.005,,0.0,0.0
2929,,0.005,,0.0,0.0
2936,,0.005,,0.0,0.0
2937,,0.005851343736863982,,0.0,0.0
2938,,0.013994669714556547,,0.0,0.0
2939,,0.036945180483583126,,0.0,0.0
2940,,0.01165183936747831,,0.0,0.0
2941,,0.019299968408977564,,0.0,0.0
2942,,0.03515951357367076,,0.0,0.0
2945,,0.0056318332043753475,,0.0,0.0
2947,,0.005263792676892561,,0.0,0.0
2948,,0.01259534366119104,,0.0,0.0
2949,,0.01772036979321414,,0.0,0.0
3002,,0.010952950117115563,,0.0,0.0
3003,,0.008624536147790537,,0.0,0.0
3004,,0.012140067254785461,,0.0,0.0
3005,,0.006775963568181267,,0.0,0.0
3006,,0.006719706035474652,,0.0,0.0
3008,,0.005,,0.0,0.0
3010,,0.008018634378195675,,0.0,0.0
3011,,0.006439673649503902,,0.0,0.0
3013,,0.022752338656654422,,0.0,0.0
3014,,0.005,,0.0,0.0
3015,,0.005479343179416836,,0.0,0.0
3016,,0.005,,0.0,0.0
3017,,0.005,,0.0,0.0
3018,,0.018207708417100506,,0.0,0.0
3019,,0.01207237313142825,,0.0,0.0
3021,,0.015761812002305475,,0.0,0.0
3022,,0.006172544685214001,,0.0,0.0
3023,,0.011258159665060398,,0.0,0.0
3024,,0.007893859759016178,,0.0,0.0
3025,,0.005,,0.0,0.0
3026,,0.006540976602978959,,0.0,0.0
3027,,0.006670407147157112,,0.0,0.0
3028,,0.005,,0.0,0.0
3029,,0.006152424435828676,,0.0,0.0
3030,,0.02212034635146431,,0.0,0.0
3031,,0.013762391511511788,,0.0,0.0
3032,,0.02306449291519154,,0.0,0.0
3033,,0.005,,0.0,0.0
3034,,0.005,,0.0,0.0
3035,,0.005,,0.0,0.0
3036,,0.010129022987648967,,0.0,0.0
3037,,0.014354233985795753,,0.0,0.0
3038,,0.007042951739980882,,0.0,0.0
3040,,0.030517402085962844,,0.0,0.0
3041,,0.014532710426397368,,0.0,0.0
3042,,0.0076225364631614225,,0.0,0.0
3043,,0.007132473369384403,,0.0,0.0
3044,,0.013064322518189883,,0.0,0.0
3045,,0.005,,0.0,0.0
3046,,0.014483934376456838,,0.0,0.0
3047,,0.005,,0.0,0.0
3048,,0.006690220763738213,,0.0,0.0
3049,,0.012240793827770696,,0.0,0.0
3050,,0.009112047742168094,,0.0,0.0
3051,,0.010562150546010606,,0.0,0.0
3052,,0.00692495996566529,,0.0,0.0
3054,,0.036251622052183546,,0.0,0.0
3055,,0.007304769444913778,,0.0,0.0
3056,,0.01051161255594248,,0.0,0.0
3057,,0.010384591859424764,,0.0,0.0
3058,,0.005,,0.0,0.0
3059,,0.007697012567596191,,0.0,0.0
3060,,0.01913073723233357,,0.0,0.0
3062,,0.008246480617963063,,0.0,0.0
3064,,0.03785789561034443,,0.0,0.0
3066,,0.022716030288858588,,0.0,0.0
3067,,0.025267479624175575,,0.0,0.0
3071,,0.024398161784354246,,0.0,0.0
3073,,0.01757161154785637,,0.0,0.0
3078,,0.005,,0.0,0.0
3081,,0.021357748541579184,,0.0,0.0
3083,,0.012718214344761553,,0.0,0.0
3085,,0.024738788180915388,,0.0,0.0
3086,,0.006569241975054694,,0.0,0.0
3088,,0.0054572676382605816,,0.0,0.0
3089,,0.019024134694918822,,0.0,0.0
3090,,0.009459831445378718,,0.0,0.0
3092,,0.007474301497745002,,0.0,0.0
3093,,0.0305899654045509,,0.0,0.0
3094,,0.010782842732349548,,0.0,0.0
3095,,0.009370395600740654,,0.0,0.0
3097,,0.014066747545675707,,0.0,0.0
3105,,0.007151702493479952,,0.0,0.0
3114,,0.0061470314900684,,0.0,0.0
3115,,0.006401053868398729,,0.0,0.0
3117,,0.018866310736427812,,0.0,0.0
3118,,0.005,,0.0,0.0
3122,,0.012380684070398083,,0.0,0.0
3128,,0.0109049720751017,,0.0,0.0
3130,,0.005,,0.0,0.0
3131,,0.005,,0.0,0.0
3135,,0.008158788033179843,,0.0,0.0
3138,,0.005,,0.0,0.0
3141,,0.013720613366653067,,0.0,0.0
3144,,0.005,,0.0,0.0
3147,,0.009869712940466407,,0.0,0.0
3149,,0.008102527855785953,,0.0,0.0
3150,,0.007129982394818711,,0.0,0.0
3152,,0.011995812757626016,,0.0,0.0
3158,,0.009953139817662287,,0.0,0.0
3162,,0.005,,0.0,0.0
3163,,0.031244353110325987,,0.0,0.0
3164,,0.008421008086539235,,0.0,0.0
3167,,0.030636782897890354,,0.0,0.0
3168,,0.005937423609357277,,0.0,0.0
3169,,0.010192288127653056,,0.0,0.0
3171,,0.016588919451359093,,0.0,0.0
3176,,0.0057800367455139974,,0.0,0.0
3178,,0.019710834446984873,,0.0,0.0
3184,,0.031213730021790693,,0.0,0.0
3188,,0.005,,0.0,0.0
3189,,0.025337035029167045,,0.0,0.0
3191,,0.01237306009319726,,0.0,0.0
3202,,0.031782910417588066,,0.0,0.0
3205,,0.005,,0.0,0.0
3206,,0.010652056491290847,,0.0,0.0
3207,,0.018531271504795957,,0.0,0.0
3209,,0.014946440562689409,,0.0,0.0
3211,,0.010058160000578997,,0.0,0.0
3213,,0.005,,0.0,0.0
3217,,0.005,,0.0,0.0
3218,,0.009115058829898468,,0.0,0.0
3219,,0.017530419853323907,,0.0,0.0
3221,,0.0074070614737224375,,0.0,0.0
3224,,0.013461007057678527,,0.0,0.0
3226,,0.009704947111537488,,0.0,0.0
3227,,0.005,,0.0,0.0
3228,,0.005,,0.0,0.0
3229,,0.02715803790779488,,0.0,0.0
3230,,0.01034372048404483,,0.0,0.0
3231,,0.0073606151039276695,,0.0,0.0
3232,,0.005,,0.0,0.0
3234,,0.025290928940392608,,0.0,0.0
3236,,0.006826409658773447,,0.0,0.0
3252,,0.005,,0.0,0.0
3257,,0.007926447354428613,,0.0,0.0
3259,,0.01401333128283264,,0.0,0.0
3260,,0.007238076292336927,,0.0,0.0
3264,,0.012880691310759893,,0.0,0.0
3265,,0.011556702349008028,,0.0,0.0
3266,,0.017223564174194822,,0.0,0.0
3268,,0.018918801628234186,,0.0,0.0
3272,,0.009103995659046755,,0.0,0.0
3276,,0.005,,0.0,0.0
3284,,0.013200283312510655,,0.0,0.0
3285,,0.01071406448922645,,0.0,0.0
3287,,0.007208128478586113,,0.0,0.0
3288,,0.015735906840596055,,0.0,0.0
3289,,0.007960324613242956,,0.0,0.0
3290,,0.01431161185413368,,0.0,0.0
3293,,0.005,,0.0,0.0
3294,,0.009862249116031695,,0.0,0.0
3296,,0.014723734565309492,,0.0,0.0
3297,,0.015006644662867897,,0.0,0.0
3303,,0.005,,0.0,0.0
3305,,0.006070192340793311,,0.0,0.0
3306,,0.012269431572369883,,0.0,0.0
3308,,0.016799357326827212,,0.0,0.0
3310,,0.013421592122402464,,0.0,0.0
3311,,0.007936726859837139,,0.0,0.0
3312,,0.011211404118588852,,0.0,0.0
3313,,0.022499798987501502,,0.0,0.0
3317,,0.015114530604855462,,0.0,0.0
3321,,0.005,,0.0,0.0
3322,,0.011083550345657563,,0.0,0.0
3323,,0.005,,0.0,0.0
3324,,0.005,,0.0,0.0
3325,,0.00793902130395537,,0.0,0.0
3332,,0.02102696436195841,,0.0,0.0
3338,,0.005,,0.0,0.0
3339,,0.02764487230605717,,0.0,0.0
3346,,0.00564664582887996,,0.0,0.0
3349,,0.011085910854288568,,0.0,0.0
3354,,0.026021526777325013,,0.0,0.0
3356,,0.015060511340653743,,0.0,0.0
3357,,0.018526946258679716,,0.0,0.0
3360,,0.013752964730744228,,0.0,0.0
3362,,0.007898160493973735,,0.0,0.0
3363,,0.017338399139141255,,0.0,0.0
3372,,0.01122573603840729,,0.0,0.0
3373,,0.005,,0.0,0.0
3374,,0.007032702684175478,,0.0,0.0
3376,,0.0052506008908395595,,0.0,0.0
3377,,0.052126098327742,,0.0,0.0
3379,,0.010595185791053771,,0.0,0.0
3380,,0.005,,0.0,0.0
3383,,0.044795157548752344,,0.0,0.0
3388,,0.005,,0.0,0.0
3390,,0.009098303253959281,,0.0,0.0
3391,,0.08778097738573208,,0.0,0.0
3402,,0.005684784623106918,,0.0,0.0
3406,,0.008044933741416793,,0.0,0.0
3413,,0.005,,0.0,0.0
3416,,0.0073312525120549825,,0.0,0.0
3419,,0.01390126299728529,,0.0,0.0
3426,,0.005,,0.0,0.0
3429,,0.005,,0.0,0.0
3430,,0.008923125053680816,,0.0,0.0
3432,,0.009197992070664436,,0.0,0.0
3434,,0.007702513308108042,,0.0,0.0
3437,,0.0364094003308136,,0.0,0.0
3438,,0.01768633753363451,,0.0,0.0
3441,,0.005093064315352755,,0.0,0.0
3443,,0.015591739177001712,,0.0,0.0
3444,,0.019881798476478835,,0.0,0.0
3447,,0.01868052156449622,,0.0,0.0
3450,,0.005460257418043936,,0.0,0.0
3452,,0.05839234479387604,,0.0,0.0
3454,,0.005,,0.0,0.0
3455,,0.009822853482707767,,0.0,0.0
3465,,0.01915759072833939,,0.0,0.0
3466,,0.005,,0.0,0.0
3467,,0.016332717352918892,,0.0,0.0
3473,,0.007055646686563691,,0.0,0.0
3479,,0.005,,0.0,0.0
3481,,0.030237230114234234,,0.0,0.0
3483,,0.005,,0.0,0.0
3484,,0.009600570400193378,,0.0,0.0
3485,,0.02385759473798307,,0.0,0.0
3489,,0.023033635396473757,,0.0,0.0
3490,,0.015521050640033946,,0.0,0.0
3491,,0.027574503565070938,,0.0,0.0
3492,,0.02809402205173255,,0.0,0.0
3494,,0.008226157018808924,,0.0,0.0
3498,,0.030581546103453386,,0.0,0.0
3499,,0.010615178708277854,,0.0,0.0
3501,,0.006347447233295653,,0.0,0.0
3504,,0.010131765543408734,,0.0,0.0
3508,,0.02309885687542903,,0.0,0.0
3511,,0.007670540999035767,,0.0,0.0
3512,,0.005,,0.0,0.0
3515,,0.005,,0.0,0.0
3516,,0.012615966840691743,,0.0,0.0
3518,,0.006140035778842583,,0.0,0.0
3520,,0.005,,0.0,0.0
3521,,0.005,,0.0,0.0
3522,,0.005737435958336202,,0.0,0.0
3523,,0.03642958560001692,,0.0,0.0
3526,,0.005,,0.0,0.0
3527,,0.005,,0.0,0.0
3528,,0.013431121941124682,,0.0,0.0
3529,,0.005,,0.0,0.0
3530,,0.012014861102344974,,0.0,0.0
3531,,0.01708200415024229,,0.0,0.0
3532,,0.012301596757144328,,0.0,0.0
3533,,0.01699584676752908,,0.0,0.0
3535,,0.011097515520809837,,0.0,0.0
3536,,0.037023821095504776,,0.0,0.0
3537,,0.007626244293530531,,0.0,0.0
3540,,0.013941316447232397,,0.0,0.0
3541,,0.005,,0.0,0.0
3543,,0.01593903974404512,,0.0,0.0
3545,,0.005,,0.0,0.0
3546,,0.005,,0.0,0.0
3548,,0.014225075263484018,,0.0,0.0
3550,,0.022986428306124244,,0.0,0.0
3551,,0.0072424487893215095,,0.0,0.0
3552,,0.0105450809194246,,0.0,0.0
3555,,0.035771111977419515,,0.0,0.0
3556,,0.009035687070984993,,0.0,0.0
3557,,0.0055729979698000255,,0.0,0.0
3558,,0.008076009945733712,,0.0,0.0
3562,,0.051385028978114734,,0.0,0.0
3563,,0.028649829655547833,,0.0,0.0
3564,,0.009033497154199812,,0.0,0.0
3567,,0.009875117931566306,,0.0,0.0
3570,,0.006242524831138495,,0.0,0.0
3576,,0.0282949419394634,,0.0,0.0
3577,,0.017363843472095332,,0.0,0.0
3580,,0.006793143318657054,,0.0,0.0
3581,,0.011915409842565075,,0.0,0.0
3583,,0.005517950430592979,,0.0,0.0
3585,,0.009090513747469182,,0.0,0.0
3587,,0.006754884819677804,,0.0,0.0
3588,,0.009539321041951819,,0.0,0.0
3591,,0.025576267198151186,,0.0,0.0
3592,,0.005,,0.0,0.0
3593,,0.010402805260390776,,0.0,0.0
3594,,0.01903532937231023,,0.0,0.0
3595,,0.041536495687525,,0.0,0.0
3596,,0.010086773010168193,,0.0,0.0
3597,,0.013877546196421094,,0.0,0.0
3601,,0.1921436072281296,,0.0,0.0
3603,,0.035258184093493544,,0.0,0.0
3605,,0.005,,0.0,0.0
3607,,0.01365146494593171,,0.0,0.0
3609,,0.01675379582838726,,0.0,0.0
3611,,0.005,,0.0,0.0
3615,,0.027570456814148464,,0.0,0.0
3616,,0.06876353154620922,,0.0,0.0
3617,,0.006390328783309707,,0.0,0.0
3622,,0.011525773849142015,,0.0,0.0
3623,,0.0219629246515485,,0.0,0.0
3624,,0.010944445357350173,,0.0,0.0
3625,,0.006100354306159777,,0.0,0.0
3627,,0.07637376836831436,,0.0,0.0
3628,,0.016786439963388113,,0.0,0.0
3629,,0.03380162413675302,,0.0,0.0
3630,,0.01311478539341676,,0.0,0.0
3631,,0.01170947946688181,,0.0,0.0
3632,,0.01614714776930265,,0.0,0.0
3633,,0.00832981874546918,,0.0,0.0
3642,,0.04266987431177939,,0.0,0.0
3645,,0.00763828403579433,,0.0,0.0
3646,,0.005,,0.0,0.0
3652,,0.014940944824160264,,0.0,0.0
3653,,0.012826177730223567,,0.0,0.0
3659,,0.01716737425182673,,0.0,0.0
3661,,0.024566158204319503,,0.0,0.0
3663,,0.030751632225454056,,0.0,0.0
3664,,0.019571220840255102,,0.0,0.0
3665,,0.006589910740691961,,0.0,0.0
3666,,0.006044713837865721,,0.0,0.0
3669,,0.011153046433473045,,0.0,0.0
3672,,0.005,,0.0,0.0
3673,,0.005,,0.0,0.0
3674,,0.17070839212604463,,0.0,0.0
3675,,0.030252311446507873,,0.0,0.0
3678,,0.0251953697794542,,0.0,0.0
3679,,0.0053949316956120675,,0.0,0.0
3680,,0.009387123614764804,,0.0,0.0
3682,,0.005,,0.0,0.0
3684,,0.020494054075250435,,0.0,0.0
3685,,0.007915286536992595,,0.0,0.0
3686,,0.005,,0.0,0.0
3687,,0.009488870253099557,,0.0,0.0
3688,,0.17437264088404983,,0.0,0.0
3689,,0.007882723094053284,,0.0,0.0
3691,,0.014240056886109523,,0.0,0.0
3693,,0.030718439352416402,,0.0,0.0
3694,,0.005,,0.0,0.0
3698,,0.02810161683564437,,0.0,0.0
3701,,0.03215037268350904,,0.0,0.0
3702,,0.005,,0.0,0.0
3703,,0.005674362761269841,,0.0,0.0
3704,,0.007865168000892703,,0.0,0.0
3705,,0.005,,0.0,0.0
3706,,0.010216149811304063,,0.0,0.0
3707,,0.005,,0.0,0.0
3708,,0.012354985592690507,,0.0,0.0
3709,,0.008991434213167988,,0.0,0.0
3710,,0.016220151222652027,,0.0,0.0
3711,,0.008252706904885653,,0.0,0.0
3712,,0.01830456238598989,,0.0,0.0
3713,,0.012871881854904038,,0.0,0.0
3714,,0.025976182030921037,,0.0,0.0
3715,,0.021452602456423955,,0.0,0.0
3716,,0.005,,0.0,0.0
3717,,0.0111806693465127,,0.0,0.0
4102,,0.005,,0.0,0.0
4104,,0.005,,0.0,0.0
4105,,0.005,,0.0,0.0
4106,,0.0053595034045953345,,0.0,0.0
4107,,0.006444458225778023,,0.0,0.0
4108,,0.005416607645154018,,0.0,0.0
4109,,0.0064909647498762576,,0.0,0.0
4111,,0.00979650165429751,,0.0,0.0
4113,,0.009749342265522482,,0.0,0.0
4114,,0.005,,0.0,0.0
4115,,0.025025409497839175,,0.0,0.0
4116,,0.00883603243330136,,0.0,0.0
4117,,0.08497256642979065,,0.0,0.0
4119,,0.009445694990069052,,0.0,0.0
4120,,0.022426205873177337,,0.0,0.0
4121,,0.007704162264619724,,0.0,0.0
4123,,0.005596632911982898,,0.0,0.0
4126,,0.005801869259653824,,0.0,0.0
4127,,0.008241723048904722,,0.0,0.0
4128,,0.015538837961685084,,0.0,0.0
4129,,0.011989893495614285,,0.0,0.0
4130,,0.027931552242488458,,0.0,0.0
4131,,0.015266954399597065,,0.0,0.0
4132,,0.009052751714211311,,0.0,0.0
4133,,0.005,,0.0,0.0
4136,,0.12717450140341863,,0.0,0.0
4137,,0.006729337077515235,,0.0,0.0
4138,,0.005,,0.0,0.0
4139,,0.011589461646267486,,0.0,0.0
4141,,0.005,,0.0,0.0
4142,,0.005962148680501614,,0.0,0.0
4144,,0.005,,0.0,0.0
4147,,0.005035646291114799,,0.0,0.0
4148,,0.018030336219455007,,0.0,0.0
4150,,0.007542080371284538,,0.0,0.0
4151,,0.12399254245727592,,0.0,0.0
4152,,0.005,,0.0,0.0
4153,,0.005,,0.0,0.0
4154,,0.024757378582874565,,0.0,0.0
4155,,0.0064845035037748465,,0.0,0.0
4157,,0.015045589202469461,,0.0,0.0
4160,,0.005232024118720805,,0.0,0.0
4161,,0.011511790416953535,,0.0,0.0
4162,,0.0077191833082484425,,0.0,0.0
4163,,0.010219563018492165,,0.0,0.0
4164,,0.005,,0.0,0.0
4166,,0.0197233575227626,,0.0,0.0
4167,,0.005,,0.0,0.0
4168,,0.005449829249974834,,0.0,0.0
4169,,0.006119384781217382,,0.0,0.0
4170,,0.0151982472116674,,0.0,0.0
4171,,0.005,,0.0,0.0
4172,,0.014801225152879623,,0.0,0.0
4173,,0.005,,0.0,0.0
4174,,0.007768341990705393,,0.0,0.0
4175,,0.005,,0.0,0.0
4178,,0.005718961078370327,,0.0,0.0
4183,,0.008645050632453005,,0.0,0.0
4186,,0.010651677214896165,,0.0,0.0
4188,,0.010103915469382791,,0.0,0.0
4190,,0.005618710513034838,,0.0,0.0
4191,,0.11235881423440884,,0.0,0.0
4192,,0.022904932706200677,,0.0,0.0
4193,,0.15058688861020347,,0.0,0.0
4194,,0.019809019143590567,,0.0,0.0
4195,,0.0066425404934906075,,0.0,0.0
4197,,0.013967663186565341,,0.0,0.0
4198,,0.028839865667442358,,0.0,0.0
4205,,0.005,,0.0,0.0
4207,,0.005,,0.0,0.0
4303,,0.007932909339238207,,0.0,0.0
4304,,0.01586578787800813,,0.0,0.0
4305,,0.007082071988737289,,0.0,0.0
4306,,0.005,,0.0,0.0
4401,,0.01095056986019945,,0.0,0.0
4402,,0.006186248691780927,,0.0,0.0
4406,,0.009678780799290767,,0.0,0.0
4413,,0.010618399092588725,,0.0,0.0
4414,,0.023906492481296684,,0.0,0.0
4416,,0.028034787470457654,,0.0,0.0
4417,,0.00859466515771556,,0.0,0.0
4419,,0.009405855565916395,,0.0,0.0
4420,,0.005,,0.0,0.0
4426,,0.005,,0.0,0.0
4429,,0.013217930508892093,,0.0,0.0
4430,,0.005855668494458185,,0.0,0.0
4431,,0.011496194875283288,,0.0,0.0
4432,,0.012862618818745846,,0.0,0.0
4433,,0.012229599638575787,,0.0,0.0
4438,,0.011161923344070557,,0.0,0.0
4439,,0.021570638596636594,,0.0,0.0
4440,,0.005960397218240756,,0.0,0.0
4441,,0.02186738284510816,,0.0,0.0
4442,,0.01540180260545806,,0.0,0.0
4502,,0.005,,0.0,0.0
4503,,0.015164432862676437,,0.0,0.0
4506,,0.005353207456890338,,0.0,0.0
4510,,0.010492542354364923,,0.0,0.0
4513,,0.03126253460820695,,0.0,0.0
4523,,0.023144409488709754,,0.0,0.0
4526,,0.014781900251521676,,0.0,0.0
4527,,0.009398921636866859,,0.0,0.0
4528,,0.008170974641937062,,0.0,0.0
4529,,0.021340975263165186,,0.0,0.0
4530,,0.024220714128218836,,0.0,0.0
4532,,0.0053083774121482795,,0.0,0.0
4533,,0.011283767930844303,,0.0,0.0
4534,,0.022906943677506595,,0.0,0.0
4535,,0.01060983304521978,,0.0,0.0
4536,,0.005,,0.0,0.0
4537,,0.01725267610334697,,0.0,0.0
4538,,0.0060561527962691595,,0.0,0.0
4540,,0.013895889532594737,,0.0,0.0
4541,,0.006422398488659858,,0.0,0.0
4542,,0.02267417590377752,,0.0,0.0
4543,,0.025534921081693408,,0.0,0.0
4544,,0.03062757891415995,,0.0,0.0
4545,,0.006142601417372231,,0.0,0.0
4546,,0.011351740212090226,,0.0,0.0
4549,,0.005,,0.0,0.0
4550,,0.009217772608350439,,0.0,0.0
4551,,0.00765188274138573,,0.0,0.0
4552,,0.005,,0.0,0.0
4553,,0.016834619461784977,,0.0,0.0
4554,,0.01388697853281255,,0.0,0.0
4555,,0.015934663324496973,,0.0,0.0
4556,,0.01749530140432165,,0.0,0.0
4557,,0.008999678578194052,,0.0,0.0
4558,,0.007631213076694891,,0.0,0.0
4559,,0.02104791619372495,,0.0,0.0
4560,,0.015050955773606395,,0.0,0.0
4561,,0.012338614467066578,,0.0,0.0
4562,,0.010937699286869815,,0.0,0.0
4563,,0.008834832176359698,,0.0,0.0
4564,,0.010586773602574776,,0.0,0.0
4565,,0.008631538914432088,,0.0,0.0
4566,,0.005783988930111749,,0.0,0.0
4568,,0.013663330055631195,,0.0,0.0
4569,,0.014058101332754454,,0.0,0.0
4570,,0.021432894715594866,,0.0,0.0
4571,,0.008352356465187966,,0.0,0.0
4572,,0.01652169371239783,,0.0,0.0
4573,,0.041270097393625214,,0.0,0.0
4575,,0.009495591036415956,,0.0,0.0
4576,,0.005,,0.0,0.0
4577,,0.02371262910362926,,0.0,0.0
4578,,0.08913225262743169,,0.0,0.0
4580,,0.005,,0.0,0.0
4581,,0.0076896036431963926,,0.0,0.0
4582,,0.010818996173118246,,0.0,0.0
4583,,0.005,,0.0,0.0
4584,,0.026134273463152464,,0.0,0.0
4585,,0.009353460099777663,,0.0,0.0
4587,,0.03988129039261982,,0.0,0.0
4588,,0.00978122360276014,,0.0,0.0
4589,,0.014558232649454883,,0.0,0.0
4590,,0.005,,0.0,0.0
4609,,0.040320073668137266,,0.0,0.0
4702,,0.005,,0.0,0.0
4706,,0.011207306135893208,,0.0,0.0
4707,,0.005,,0.0,0.0
4711,,0.005,,0.0,0.0
4712,,0.021197681482465133,,0.0,0.0
4714,,0.007093651080787115,,0.0,0.0
4716,,0.009947994899321706,,0.0,0.0
4720,,0.012903220111885277,,0.0,0.0
4721,,0.010114108321427732,,0.0,0.0
4722,,0.010998330698735124,,0.0,0.0
4724,,0.011918295359852818,,0.0,0.0
4725,,0.005,,0.0,0.0
4726,,0.005,,0.0,0.0
4728,,0.005,,0.0,0.0
4729,,0.007530169133924959,,0.0,0.0
4730,,0.09436315418711409,,0.0,0.0
4732,,0.008014028007703093,,0.0,0.0
4735,,0.007760494148670612,,0.0,0.0
4736,,0.007210589693458946,,0.0,0.0
4737,,0.010911288206924151,,0.0,0.0
4738,,0.02172077881328322,,0.0,0.0
4739,,0.0062354485427994835,,0.0,0.0
4741,,0.014013306330846647,,0.0,0.0
4743,,0.023252190316907225,,0.0,0.0
4744,,0.009452855057296507,,0.0,0.0
4745,,0.011383457935102188,,0.0,0.0
4746,,0.018000677110355655,,0.0,0.0
4747,,0.014282281276794278,,0.0,0.0
4749,,0.013461300172999149,,0.0,0.0
4752,,0.08901029367861939,,0.0,0.0
4754,,0.005,,0.0,0.0
4755,,0.029621755363286623,,0.0,0.0
4760,,0.007920197213214634,,0.0,0.0
4763,,0.011231269792388247,,0.0,0.0
4764,,0.021964108570270528,,0.0,0.0
4765,,0.022576543478726122,,0.0,0.0
4766,,0.010482263478447332,,0.0,0.0
4767,,0.009520586700224383,,0.0,0.0
4768,,0.02391760552140928,,0.0,0.0
4770,,0.009281383764299787,,0.0,0.0
4771,,0.006304299785018928,,0.0,0.0
4772,,0.005,,0.0,0.0
4773,,0.05091244862740132,,0.0,0.0
4803,,0.03289133631985637,,0.0,0.0
4804,,0.026768123534783587,,0.0,0.0
4806,,0.02566678661022954,,0.0,0.0
4807,,0.008038032844837267,,0.0,0.0
4903,,0.006888177385406156,,0.0,0.0
4904,,0.005,,0.0,0.0
4905,,0.013580381588808824,,0.0,0.0
4906,,0.005324345415939029,,0.0,0.0
4907,,0.006528414440639505,,0.0,0.0
4908,,0.026063553772318532,,0.0,0.0
4909,,0.005182108186536668,,0.0,0.0
4911,,0.012225800276748891,,0.0,0.0
4912,,0.010162521961798282,,0.0,0.0
4915,,0.005,,0.0,0.0
4916,,0.005,,0.0,0.0
4919,,0.012621547771982898,,0.0,0.0
4923,,0.01770428769939391,,0.0,0.0
4924,,0.018566228290680678,,0.0,0.0
4925,,0.037168488152053716,,0.0,0.0
4927,,0.005,,0.0,0.0
4930,,0.005,,0.0,0.0
4931,,0.022932936553199165,,0.0,0.0
4933,,0.005,,0.0,0.0
4934,,0.01650061120973329,,0.0,0.0
4935,,0.005627406613064784,,0.0,0.0
4938,,0.02283968445454318,,0.0,0.0
4939,,0.00956069547288143,,0.0,0.0
4942,,0.005,,0.0,0.0
4943,,0.015999376178423615,,0.0,0.0
4944,,0.037892392893932536,,0.0,0.0
4945,,0.007302744259244702,,0.0,0.0
4946,,0.018284497241267385,,0.0,0.0
4947,,0.005,,0.0,0.0
4949,,0.030566959426259786,,0.0,0.0
4950,,0.025394784892411933,,0.0,0.0
4951,,0.009261440703546987,,0.0,0.0
4952,,0.005,,0.0,0.0
4953,,0.005,,0.0,0.0
4956,,0.03035422501433102,,0.0,0.0
4958,,0.022694478752768865,,0.0,0.0
4960,,0.03639016743560515,,0.0,0.0
4961,,0.005625480641589836,,0.0,0.0
4966,,0.005,,0.0,0.0
4967,,0.012667711074031678,,0.0,0.0
4968,,0.008182648967057511,,0.0,0.0
4971,,0.015214595193290218,,0.0,0.0
4972,,0.005,,0.0,0.0
4973,,0.03058844775791739,,0.0,0.0
4974,,0.006026741722598329,,0.0,0.0
4976,,0.014544023443902047,,0.0,0.0
4977,,0.030738697908461097,,0.0,0.0
4979,,0.023088998420756332,,0.0,0.0
4980,,0.02007759544109735,,0.0,0.0
4987,,0.005,,0.0,0.0
4989,,0.022723729269612435,,0.0,0.0
4991,,0.008939632806586046,,0.0,0.0
4994,,0.00854309310842795,,0.0,0.0
4995,,0.006662886663443543,,0.0,0.0
4999,,0.005,,0.0,0.0
5007,,0.006634715339165101,,0.0,0.0
5009,,0.0054355473864250775,,0.0,0.0
5011,,0.013689685777880484,,0.0,0.0
5013,,0.019790432186154828,,0.0,0.0
5014,,0.005,,0.0,0.0
5015,,0.006601794628618215,,0.0,0.0
5016,,0.017482292577281337,,0.0,0.0
5102,,0.005,,0.0,0.0
5201,,0.005863163340326492,,0.0,0.0
5202,,0.008672915542303218,,0.0,0.0
5203,,0.005,,0.0,0.0
5205,,0.0226712336680974,,0.0,0.0
5206,,0.005,,0.0,0.0
5209,,0.008087545617046502,,0.0,0.0
5210,,0.005,,0.0,0.0
5211,,0.00659055276292377,,0.0,0.0
5212,,0.010943368376382441,,0.0,0.0
5213,,0.005231327287668805,,0.0,0.0
5215,,0.009277316834365694,,0.0,0.0
5216,,0.09835484829319618,,0.0,0.0
5220,,0.008602658410975923,,0.0,0.0
5222,,0.005,,0.0,0.0
5223,,0.009953646449124165,,0.0,0.0
5225,,0.005082462954916964,,0.0,0.0
5227,,0.01211696741038479,,0.0,0.0
5228,,0.019113449865052652,,0.0,0.0
5230,,0.007745138901204702,,0.0,0.0
5233,,0.03321916453728162,,0.0,0.0
5234,,0.012055053025582449,,0.0,0.0
5236,,0.005,,0.0,0.0
5240,,0.08800906376763272,,0.0,0.0
5243,,0.005087976349545227,,0.0,0.0
5244,,0.01871371092060402,,0.0,0.0
5245,,0.01259900331805058,,0.0,0.0
5246,,0.05861538883137184,,0.0,0.0
5248,,0.02450284176351783,,0.0,0.0
5251,,0.012213587939382509,,0.0,0.0
5254,,0.010837850226022818,,0.0,0.0
5256,,0.110751616671462,,0.0,0.0
5258,,0.022506870619232414,,0.0,0.0
5262,,0.02891459646594009,,0.0,0.0
5263,,0.00681242567333637,,0.0,0.0
5264,,0.005,,0.0,0.0
5267,,0.015159352822424263,,0.0,0.0
5269,,0.006211299937499434,,0.0,0.0
5271,,0.12610194083083756,,0.0,0.0
5272,,0.009365443553593061,,0.0,0.0
5274,,0.009784882248631664,,0.0,0.0
5276,,0.01222942644920739,,0.0,0.0
5277,,0.005,,0.0,0.0
5278,,0.015065012776320382,,0.0,0.0
5281,,0.005,,0.0,0.0
5283,,0.005,,0.0,0.0
5284,,0.005681479434663731,,0.0,0.0
5285,,0.013966510432368332,,0.0,0.0
5287,,0.013410987721407945,,0.0,0.0
5288,,0.007007386536174901,,0.0,0.0
5289,,0.0236404102685547,,0.0,0.0
5291,,0.012633678210479591,,0.0,0.0
5292,,0.013052667170062525,,0.0,0.0
5297,,0.010459742708040594,,0.0,0.0
5299,,0.016161822006244417,,0.0,0.0
5301,,0.025346259276829503,,0.0,0.0
5302,,0.007039789059346874,,0.0,0.0
5304,,0.005,,0.0,0.0
5305,,0.005,,0.0,0.0
5306,,0.005,,0.0,0.0
5309,,0.005,,0.0,0.0
5310,,0.03161776276217392,,0.0,0.0
5312,,0.005591984621465274,,0.0,0.0
5314,,0.008540578519526682,,0.0,0.0
5315,,0.005,,0.0,0.0
5321,,0.011014413312332518,,0.0,0.0
5324,,0.008017487822088604,,0.0,0.0
5328,,0.011699523761364607,,0.0,0.0
5340,,0.012597738203841503,,0.0,0.0
5344,,0.011658616520588172,,0.0,0.0
5345,,0.01811966101684283,,0.0,0.0
5347,,0.01970345261419611,,0.0,0.0
5348,,0.014934857301356616,,0.0,0.0
5349,,0.027228045021134243,,0.0,0.0
5351,,0.007529080186187414,,0.0,0.0
5353,,0.012423872894433937,,0.0,0.0
5355,,0.018803038284328607,,0.0,0.0
5356,,0.005,,0.0,0.0
5364,,0.008905641978634037,,0.0,0.0
5371,,0.011140652581225699,,0.0,0.0
5381,,0.007246851745247194,,0.0,0.0
5383,,0.006502200371830584,,0.0,0.0
5386,,0.03116049914376103,,0.0,0.0
5388,,0.0050583687852171705,,0.0,0.0
5392,,0.005,,0.0,0.0
5398,,0.005,,0.0,0.0
5403,,0.006268898431554702,,0.0,0.0
5410,,0.005,,0.0,0.0
5425,,0.012654211809584561,,0.0,0.0
5426,,0.010202439761659292,,0.0,0.0
5432,,0.010836187484497058,,0.0,0.0
5434,,0.012879103648151886,,0.0,0.0
5438,,0.010053250337946398,,0.0,0.0
5439,,0.00946786639608361,,0.0,0.0
5443,,0.008264518671513867,,0.0,0.0
5450,,0.007147254916619896,,0.0,0.0
5452,,0.02387336577985358,,0.0,0.0
5455,,0.02524321814658724,,0.0,0.0
5457,,0.01634651872150558,,0.0,0.0
5460,,0.006947027324673324,,0.0,0.0
5464,,0.008405781539488778,,0.0,0.0
5465,,0.007680561921464247,,0.0,0.0
5468,,0.012112334058694439,,0.0,0.0
5469,,0.00891594261964209,,0.0,0.0
5471,,0.00870592786279438,,0.0,0.0
5474,,0.008201713239558529,,0.0,0.0
5475,,0.030572805044408746,,0.0,0.0
5478,,0.013611013945468858,,0.0,0.0
5481,,0.014925375701008924,,0.0,0.0
5483,,0.015518088990270884,,0.0,0.0
5484,,0.02246650939091012,,0.0,0.0
5487,,0.009021865056896334,,0.0,0.0
5488,,0.01302599604058243,,0.0,0.0
5489,,0.005244022273001993,,0.0,0.0
5490,,0.008668667341544494,,0.0,0.0
5493,,0.009725284312089365,,0.0,0.0
5498,,0.0053033678808044335,,0.0,0.0
5508,,0.005,,0.0,0.0
5511,,0.010515636943410091,,0.0,0.0
5512,,0.005405519291922143,,0.0,0.0
5514,,0.005,,0.0,0.0
5515,,0.02312216878548628,,0.0,0.0
5516,,0.01934347628422323,,0.0,0.0
5519,,0.01929594283472034,,0.0,0.0
5520,,0.005,,0.0,0.0
5521,,0.014838819317485171,,0.0,0.0
5522,,0.00623132833081823,,0.0,0.0
5523,,0.005,,0.0,0.0
5525,,0.01108848085552934,,0.0,0.0
5529,,0.005,,0.0,0.0
5530,,0.005,,0.0,0.0
5531,,0.005679796728709621,,0.0,0.0
5533,,0.005,,0.0,0.0
5534,,0.005,,0.0,0.0
5536,,0.006188411123742571,,0.0,0.0
5538,,0.01153141703825704,,0.0,0.0
5543,,0.015703912265766458,,0.0,0.0
5546,,0.02338632082846185,,0.0,0.0
5547,,0.009196463864967433,,0.0,0.0
5548,,0.005,,0.0,0.0
5601,,0.008362879548126912,,0.0,0.0
5603,,0.005676467878255211,,0.0,0.0
5604,,0.007696517185676327,,0.0,0.0
5607,,0.008462335341573968,,0.0,0.0
5608,,0.005,,0.0,0.0
5609,,0.005785481998556422,,0.0,0.0
5701,,0.010298541309066126,,0.0,0.0
5703,,0.005,,0.0,0.0
5704,,0.005,,0.0,0.0
5706,,0.005,,0.0,0.0
5820,,0.005,,0.0,0.0
5859,,0.005,,0.0,0.0
5863,,0.01038206071348412,,0.0,0.0
5864,,0.011497833324181589,,0.0,0.0
5871,,0.005,,0.0,0.0
5876,,0.005,,0.0,0.0
5878,,0.00752259066657185,,0.0,0.0
5880,,0.005,,0.0,0.0
5902,,0.0071410273856235594,,0.0,0.0
5903,,0.005,,0.0,0.0
5904,,0.005,,0.0,0.0
5905,,0.009703397129576706,,0.0,0.0
5906,,0.012549625624699783,,0.0,0.0
5907,,0.01321172296594928,,0.0,0.0
6005,,0.005,,0.0,0.0
6015,,0.011282113682481854,,0.0,0.0
6016,,0.011196101767656274,,0.0,0.0
6020,,0.006653933628076077,,0.0,0.0
6021,,0.018603554511176273,,0.0,0.0
6023,,0.006889914801690853,,0.0,0.0
6024,,0.007234994120647224,,0.0,0.0
6026,,0.008882565414655012,,0.0,0.0
6027,,0.02342896440133964,,0.0,0.0
6028,,0.018378959028057903,,0.0,0.0
6035,,0.012099375227544212,,0.0,0.0
6101,,0.005272814540780007,,0.0,0.0
6103,,0.03958770120791929,,0.0,0.0
6104,,0.006757868876150071,,0.0,0.0
6108,,0.012362483235022757,,0.0,0.0
6109,,0.005,,0.0,0.0
6111,,0.005483564339636621,,0.0,0.0
6112,,0.009374836489885099,,0.0,0.0
6113,,0.011177681048553928,,0.0,0.0
6114,,0.012742177272879459,,0.0,0.0
6115,,0.005,,0.0,0.0
6116,,0.021234961348323065,,0.0,0.0
6117,,0.0169434733147431,,0.0,0.0
6118,,0.011881261507215458,,0.0,0.0
6120,,0.007557907062228851,,0.0,0.0
6121,,0.010269697124880047,,0.0,0.0
6122,,0.009121240104744507,,0.0,0.0
6123,,0.005,,0.0,0.0
6124,,0.02373436561422793,,0.0,0.0
6125,,0.01799770047925062,,0.0,0.0
6126,,0.005547385409205948,,0.0,0.0
6127,,0.005,,0.0,0.0
6128,,0.009657417051652031,,0.0,0.0
6129,,0.012549916375203814,,0.0,0.0
6130,,0.02035641612864238,,0.0,0.0
6131,,0.07404249710649205,,0.0,0.0
6133,,0.015258891436766595,,0.0,0.0
6134,,0.014630666844841926,,0.0,0.0
6136,,0.006298378774956646,,0.0,0.0
6138,,0.011637598737360783,,0.0,0.0
6139,,0.008612168537642994,,0.0,0.0
6140,,0.01783019443318393,,0.0,0.0
6141,,0.02219597625870038,,0.0,0.0
6142,,0.006777521679806061,,0.0,0.0
6143,,0.005,,0.0,0.0
6144,,0.012118698904065868,,0.0,0.0
6146,,0.005,,0.0,0.0
6147,,0.02745421516213321,,0.0,0.0
6148,,0.031936055626613585,,0.0,0.0
6150,,0.017732681734766904,,0.0,0.0
6151,,0.00525141320868547,,0.0,0.0
6152,,0.010860924987588083,,0.0,0.0
6153,,0.008598078807258764,,0.0,0.0
6154,,0.0052153408857310785,,0.0,0.0
6155,,0.010234637678074825,,0.0,0.0
6156,,0.005,,0.0,0.0
6158,,0.008560987756563523,,0.0,0.0
6160,,0.00954912105145662,,0.0,0.0
6161,,0.00734314794164143,,0.0,0.0
6163,,0.020248753203924538,,0.0,0.0
6164,,0.01496100554438897,,0.0,0.0
6165,,0.024182870616267407,,0.0,0.0
6166,,0.007557267577976293,,0.0,0.0
6167,,0.022642716576829813,,0.0,0.0
6168,,0.01823453899385428,,0.0,0.0
6169,,0.009391834646121255,,0.0,0.0
6170,,0.0079295406724156,,0.0,0.0
6171,,0.010059390671335518,,0.0,0.0
6172,,0.022433120767094257,,0.0,0.0
6173,,0.005,,0.0,0.0
6174,,0.009367559841237256,,0.0,0.0
6175,,0.015897367610531652,,0.0,0.0
6176,,0.006129164412530652,,0.0,0.0
6177,,0.005,,0.0,0.0
6179,,0.00581180222173903,,0.0,0.0
6180,,0.016202641441689432,,0.0,0.0
6182,,0.010904267457715373,,0.0,0.0
6183,,0.005,,0.0,0.0
6184,,0.005,,0.0,0.0
6185,,0.005682808077013266,,0.0,0.0
6186,,0.005,,0.0,0.0
6187,,0.03240125407534701,,0.0,0.0
6188,,0.007629973226793175,,0.0,0.0
6189,,0.006369718290956891,,0.0,0.0
6190,,0.022761734707669748,,0.0,0.0
6191,,0.012074778319207894,,0.0,0.0
6192,,0.012511982312830882,,0.0,0.0
6194,,0.006287197193931047,,0.0,0.0
6195,,0.00720876786233539,,0.0,0.0
6196,,0.014178657192623637,,0.0,0.0
6197,,0.010354697819335599,,0.0,0.0
6198,,0.01737624111655543,,0.0,0.0
6199,,0.005995987886903437,,0.0,0.0
6201,,0.006737334492036974,,0.0,0.0
6202,,0.005872359157455999,,0.0,0.0
6203,,0.010075402665955694,,0.0,0.0
6204,,0.013309583667335567,,0.0,0.0
6205,,0.023028013859888025,,0.0,0.0
6206,,0.005,,0.0,0.0
6207,,0.005,,0.0,0.0
6208,,0.005,,0.0,0.0
6209,,0.005898186204814982,,0.0,0.0
6210,,0.0070993364617557425,,0.0,0.0
6212,,0.01307650042677321,,0.0,0.0
6213,,0.008688665631740332,,0.0,0.0
6214,,0.006952840942445582,,0.0,0.0
6215,,0.01024379867822738,,0.0,0.0
6216,,0.005016313532175949,,0.0,0.0
6217,,0.029874477545544353,,0.0,0.0
6218,,0.006539023266149858,,0.0,0.0
6219,,0.025000470283689152,,0.0,0.0
6220,,0.024677089275300212,,0.0,0.0
6221,,0.01734661538991427,,0.0,0.0
6222,,0.007789598412193816,,0.0,0.0
6223,,0.03091660870714609,,0.0,0.0
6224,,0.005,,0.0,0.0
6225,,0.031077218487722748,,0.0,0.0
6226,,0.023916333240214055,,0.0,0.0
6227,,0.009106778994447456,,0.0,0.0
6228,,0.01954238152320045,,0.0,0.0
6229,,0.007752736563351182,,0.0,0.0
6230,,0.007837816079843195,,0.0,0.0
6231,,0.011067366641393604,,0.0,0.0
6233,,0.018747900267375668,,0.0,0.0
6234,,0.01455304304316034,,0.0,0.0
6235,,0.010654431028688988,,0.0,0.0
6236,,0.0408251494967488,,0.0,0.0
6237,,0.01061463008516858,,0.0,0.0
6238,,0.02834540729250432,,0.0,0.0
6239,,0.011845799408222077,,0.0,0.0
6240,,0.023263345820144284,,0.0,0.0
6241,,0.013040989410222848,,0.0,0.0
6242,,0.005,,0.0,0.0
6243,,0.00820503129927411,,0.0,0.0
6244,,0.007081836077741305,,0.0,0.0
6245,,0.014350053461947775,,0.0,0.0
6246,,0.022690425991574014,,0.0,0.0
6247,,0.005,,0.0,0.0
6248,,0.005810263691556281,,0.0,0.0
6251,,0.0067365100907698615,,0.0,0.0
6257,,0.005,,0.0,0.0
6259,,0.009025601030450437,,0.0,0.0
6261,,0.008529064198168361,,0.0,0.0
6263,,0.008154000851245844,,0.0,0.0
6264,,0.013602173256857442,,0.0,0.0
6265,,0.03061466574414218,,0.0,0.0
6266,,0.005,,0.0,0.0
6269,,0.006191847878225172,,0.0,0.0
6270,,0.009221098600447626,,0.0,0.0
6271,,0.005,,0.0,0.0
6272,,0.012662784494316064,,0.0,0.0
6274,,0.028365656706660237,,0.0,0.0
6275,,0.007607055785630491,,0.0,0.0
6276,,0.0072590426206886015,,0.0,0.0
6277,,0.00826876910438107,,0.0,0.0
6278,,0.005,,0.0,0.0
6279,,0.013316554417911528,,0.0,0.0
6281,,0.005,,0.0,0.0
6282,,0.01103803542982739,,0.0,0.0
6283,,0.0091418547142223,,0.0,0.0
6284,,0.006672859747054363,,0.0,0.0
6285,,0.00547050269724731,,0.0,0.0
6287,,0.005,,0.0,0.0
6288,,0.007879686398293163,,0.0,0.0
6289,,0.18965468213776246,,0.0,0.0
6290,,0.019640220892110732,,0.0,0.0
6291,,0.025629994236813607,,0.0,0.0
6292,,0.0058486284437404825,,0.0,0.0
6294,,0.0057647750558341,,0.0,0.0
6403,,0.024932987684276802,,0.0,0.0
6404,,0.04676581203162974,,0.0,0.0
6405,,0.009388691429400287,,0.0,0.0
6407,,0.010513863461799776,,0.0,0.0
6409,,0.012328420277383668,,0.0,0.0
6411,,0.009190403348936131,,0.0,0.0
6412,,0.005,,0.0,0.0
6414,,0.005,,0.0,0.0
6415,,0.01049684826931887,,0.0,0.0
6416,,0.008991693342994088,,0.0,0.0
6417,,0.01540808731316772,,0.0,0.0
6418,,0.022763787489047976,,0.0,0.0
6419,,0.036332255935169484,,0.0,0.0
6423,,0.010590944011182907,,0.0,0.0
6425,,0.013265981676821977,,0.0,0.0
6426,,0.03129048280576509,,0.0,0.0
6428,,0.03371308054614712,,0.0,0.0
6431,,0.0078019056531605365,,0.0,0.0
6432,,0.00850101344023718,,0.0,0.0
6434,,0.021733470459197754,,0.0,0.0
6435,,0.019353146090197067,,0.0,0.0
6438,,0.007646907067295116,,0.0,0.0
6441,,0.005,,0.0,0.0
6442,,0.014824760071821772,,0.0,0.0
6443,,0.005739528519465031,,0.0,0.0
6445,,0.13674198370733845,,0.0,0.0
6446,,0.005,,0.0,0.0
6449,,0.007998240181172863,,0.0,0.0
6451,,0.0308543990331109,,0.0,0.0
6452,,0.047462871889702336,,0.0,0.0
6456,,0.02302707820440945,,0.0,0.0
6457,,0.005,,0.0,0.0
6461,,0.008031560018887888,,0.0,0.0
6462,,0.012541637514945293,,0.0,0.0
6464,,0.0089274676368511,,0.0,0.0
6465,,0.006764671410841697,,0.0,0.0
6467,,0.016170231434497525,,0.0,0.0
6468,,0.11105831373123116,,0.0,0.0
6469,,0.005,,0.0,0.0
6470,,0.008478198197173539,,0.0,0.0
6472,,0.005920968803645613,,0.0,0.0
6473,,0.008884722762299813,,0.0,0.0
6474,,0.0066024838383464,,0.0,0.0
6475,,0.03734242048439316,,0.0,0.0
6477,,0.005,,0.0,0.0
6482,,0.023255172808291015,,0.0,0.0
6483,,0.01439473110665599,,0.0,0.0
6485,,0.019114363903106807,,0.0,0.0
6486,,0.005401476421418844,,0.0,0.0
6488,,0.020547892016785762,,0.0,0.0
6491,,0.005,,0.0,0.0
6492,,0.005316856170722497,,0.0,0.0
6493,,0.015546040932474543,,0.0,0.0
6494,,0.010800595831854226,,0.0,0.0
6495,,0.056157044705556505,,0.0,0.0
6496,,0.015415184257664655,,0.0,0.0
6497,,0.055981563322082754,,0.0,0.0
6498,,0.0073854025346158005,,0.0,0.0
6499,,0.009470059365192414,,0.0,0.0
6504,,0.008070153245649237,,0.0,0.0
6505,,0.01485514624494768,,0.0,0.0
6506,,0.008872106536825948,,0.0,0.0
6508,,0.016000804647053505,,0.0,0.0
6509,,0.012717387715313005,,0.0,0.0
6510,,0.018544914640685917,,0.0,0.0
6512,,0.01914739812321178,,0.0,0.0
6514,,0.005,,0.0,0.0
6515,,0.01645716910143047,,0.0,0.0
6516,,0.006436910920278601,,0.0,0.0
6517,,0.006444769555071265,,0.0,0.0
6518,,0.01530377013317837,,0.0,0.0
6523,,0.005,,0.0,0.0
6525,,0.008746325298735359,,0.0,0.0
6526,,0.021489798409110812,,0.0,0.0
6527,,0.01093198071937646,,0.0,0.0
6529,,0.16907212518323272,,0.0,0.0
6530,,0.016174464260009073,,0.0,0.0
6531,,0.029775865012362943,,0.0,0.0
6532,,0.018468342691816356,,0.0,0.0
6533,,0.009114181667002985,,0.0,0.0
6534,,0.014336063183726157,,0.0,0.0
6535,,0.008077183721117069,,0.0,0.0
6536,,0.027009064540207545,,0.0,0.0
6538,,0.011335403029008744,,0.0,0.0
6539,,0.02052654830896081,,0.0,0.0
6541,,0.009860251412291725,,0.0,0.0
6542,,0.011826382951571943,,0.0,0.0
6543,,0.026133134590081267,,0.0,0.0
6545,,0.16701514723355826,,0.0,0.0
6546,,0.005,,0.0,0.0
6547,,0.005,,0.0,0.0
6548,,0.009582128322296784,,0.0,0.0
6549,,0.005090876293282335,,0.0,0.0
6550,,0.03053191704198593,,0.0,0.0
6552,,0.019327791004777058,,0.0,0.0
6553,,0.009154801412769809,,0.0,0.0
6555,,0.017120757611776814,,0.0,0.0
6556,,0.01609747098868535,,0.0,0.0
6558,,0.005,,0.0,0.0
6559,,0.022524817343645375,,0.0,0.0
6560,,0.010337426998478045,,0.0,0.0
6561,,0.007503223166304006,,0.0,0.0
6562,,0.07891838480577489,,0.0,0.0
6563,,0.005,,0.0,0.0
6564,,0.006949075417898505,,0.0,0.0
6565,,0.019733079080710408,,0.0,0.0
6566,,0.1397835286530331,,0.0,0.0
6568,,0.023142318150956305,,0.0,0.0
6569,,0.010988626636602293,,0.0,0.0
6570,,0.005,,0.0,0.0
6572,,0.005,,0.0,0.0
6573,,0.008709149145992204,,0.0,0.0
6574,,0.026001275244915464,,0.0,0.0
6575,,0.1656140116162218,,0.0,0.0
6576,,0.005,,0.0,0.0
6577,,0.010497646905728094,,0.0,0.0
6578,,0.007900452770053861,,0.0,0.0
6579,,0.009097465557175359,,0.0,0.0
6580,,0.010748094837297256,,0.0,0.0
6581,,0.009363273858012047,,0.0,0.0
6582,,0.006647545595795066,,0.0,0.0
6583,,0.02244740702390345,,0.0,0.0
6584,,0.005,,0.0,0.0
6585,,0.017402466907038776,,0.0,0.0
6586,,0.03997739358398492,,0.0,0.0
6588,,0.023478505543678186,,0.0,0.0
6589,,0.008177201676032636,,0.0,0.0
6590,,0.011899466849375578,,0.0,0.0
6591,,0.005,,0.0,0.0
6592,,0.006805438431400635,,0.0,0.0
6593,,0.005,,0.0,0.0
6594,,0.007594724601527317,,0.0,0.0
6595,,0.005084822093913992,,0.0,0.0
6596,,0.005,,0.0,0.0
6597,,0.025524384124996465,,0.0,0.0
6598,,0.01571826470652111,,0.0,0.0
6599,,0.02373058528413171,,0.0,0.0
6603,,0.006724405144680576,,0.0,0.0
6605,,0.006743494465436671,,0.0,0.0
6606,,0.005680257844292484,,0.0,0.0
6609,,0.00580399107157151,,0.0,0.0
6610,,0.017970199689776062,,0.0,0.0
6611,,0.1489072140381357,,0.0,0.0
6612,,0.007919026837330196,,0.0,0.0
6613,,0.005,,0.0,0.0
6614,,0.010161457444280573,,0.0,0.0
6615,,0.005,,0.0,0.0
6616,,0.012757552672162295,,0.0,0.0
6617,,0.015075578102953511,,0.0,0.0
6618,,0.012584378152507045,,0.0,0.0
6620,,0.005,,0.0,0.0
6621,,0.008131708544336572,,0.0,0.0
6622,,0.02650825993243169,,0.0,0.0
6624,,0.01784345300997415,,0.0,0.0
6625,,0.010907729312168435,,0.0,0.0
6626,,0.05243735735411787,,0.0,0.0
6629,,0.014322749100096201,,0.0,0.0
6633,,0.12447037997121788,,0.0,0.0
6634,,0.014023948320073773,,0.0,0.0
6637,,0.008232819462969011,,0.0,0.0
6638,,0.050064333222763734,,0.0,0.0
6639,,0.01770193235592665,,0.0,0.0
6640,,0.005,,0.0,0.0
6641,,0.014625003141365363,,0.0,0.0
6642,,0.006228699717124776,,0.0,0.0
6643,,0.01912584130006116,,0.0,0.0
6645,,0.0065335384430662705,,0.0,0.0
6648,,0.022948135579816578,,0.0,0.0
6649,,0.007447867396319609,,0.0,0.0
6650,,0.01922453395373378,,0.0,0.0
6651,,0.02469823039423974,,0.0,0.0
6652,,0.030904927823656062,,0.0,0.0
6654,,0.020466953049484506,,0.0,0.0
6655,,0.007362403231662542,,0.0,0.0
6657,,0.013584776189646212,,0.0,0.0
6658,,0.02666246360009637,,0.0,0.0
6661,,0.010522381103309764,,0.0,0.0
6662,,0.008402905291565996,,0.0,0.0
6664,,0.011895447989489771,,0.0,0.0
6665,,0.00601565587576154,,0.0,0.0
6666,,0.010862906895739342,,0.0,0.0
6667,,0.005,,0.0,0.0
6668,,0.008882393670559048,,0.0,0.0
6669,,0.005620427381447736,,0.0,0.0
6670,,0.00700655312669302,,0.0,0.0
6671,,0.02805225158086944,,0.0,0.0
6672,,0.008952639862688534,,0.0,0.0
6673,,0.0071714295627705,,0.0,0.0
6674,,0.014928571267526886,,0.0,0.0
6676,,0.005356464084338733,,0.0,0.0
6677,,0.008353929948147983,,0.0,0.0
6679,,0.012680009834053256,,0.0,0.0
6680,,0.01451035597606535,,0.0,0.0
6682,,0.05582106213365276,,0.0,0.0
6683,,0.0321404657209381,,0.0,0.0
6684,,0.012601504994115824,,0.0,0.0
6688,,0.1252654311740916,,0.0,0.0
6689,,0.009605136652408829,,0.0,0.0
6690,,0.007405463662225749,,0.0,0.0
6691,,0.01030575126505605,,0.0,0.0
6692,,0.01969306658738449,,0.0,0.0
6693,,0.02309139737746387,,0.0,0.0
6695,,0.01000860301458856,,0.0,0.0
6696,,0.005,,0.0,0.0
6697,,0.012783136051181953,,0.0,0.0
6698,,0.005122535480305352,,0.0,0.0
6699,,0.005,,0.0,0.0
6703,,0.00663124870864036,,0.0,0.0
6704,,0.008948666102570063,,0.0,0.0
6705,,0.02532022836411666,,0.0,0.0
6706,,0.023002951692160125,,0.0,0.0
6707,,0.030716670465567666,,0.0,0.0
6708,,0.01681114856663017,,0.0,0.0
6709,,0.018435133722136766,,0.0,0.0
6712,,0.005,,0.0,0.0
6713,,0.10934418850414078,,0.0,0.0
6715,,0.027479610774129845,,0.0,0.0
6716,,0.023743926617319108,,0.0,0.0
6717,,0.06865329061052884,,0.0,0.0
6719,,0.010193354970382379,,0.0,0.0
6720,,0.009406929914430841,,0.0,0.0
6721,,0.005,,0.0,0.0
6722,,0.014583413595958,,0.0,0.0
6723,,0.01037683580215634,,0.0,0.0
6724,,0.13631451196990105,,0.0,0.0
6725,,0.0181695892478744,,0.0,0.0
6727,,0.033928327587897454,,0.0,0.0
6728,,0.005,,0.0,0.0
6729,,0.018910847804449748,,0.0,0.0
6730,,0.01029025412635997,,0.0,0.0
6731,,0.043427727221551894,,0.0,0.0
6732,,0.007693614961395736,,0.0,0.0
6733,,0.008452209296966141,,0.0,0.0
6734,,0.03542385239187934,,0.0,0.0
6735,,0.017838282552672023,,0.0,0.0
6736,,0.3447597307422642,,0.0,0.0
6737,,0.011280494629619503,,0.0,0.0
6738,,0.010497992923533947,,0.0,0.0
6739,,0.027719594091923944,,0.0,0.0
6740,,0.020429131702365398,,0.0,0.0
6741,,0.008332662667016748,,0.0,0.0
6742,,0.018354490511901092,,0.0,0.0
6743,,0.008002147534399914,,0.0,0.0
6744,,0.02270545048297217,,0.0,0.0
6747,,0.005,,0.0,0.0
6748,,0.005,,0.0,0.0
6750,,0.012688593778160045,,0.0,0.0
6751,,0.016899440263434228,,0.0,0.0
6752,,0.008979731662474939,,0.0,0.0
6753,,0.005,,0.0,0.0
6754,,0.023216562548037622,,0.0,0.0
6755,,0.019546889160690514,,0.0,0.0
6756,,0.011394388593367782,,0.0,0.0
6757,,0.005871377053376551,,0.0,0.0
6758,,0.021020850505402523,,0.0,0.0
6761,,0.010415760614173647,,0.0,0.0
6762,,0.034396044383180786,,0.0,0.0
6763,,0.005,,0.0,0.0
6764,,0.010516270976059623,,0.0,0.0
6767,,0.006515948048133984,,0.0,0.0
6768,,0.005,,0.0,0.0
6770,,0.011806432281420892,,0.0,0.0
6771,,0.012556388014390097,,0.0,0.0
6775,,0.014327573896702795,,0.0,0.0
6776,,0.011757597483598215,,0.0,0.0
6780,,0.0265290940506195,,0.0,0.0
6781,,0.009817315764237786,,0.0,0.0
6782,,0.006695687326023874,,0.0,0.0
6784,,0.029084037997720243,,0.0,0.0
6785,,0.015211690182574828,,0.0,0.0
6786,,0.0364383271709119,,0.0,0.0
6787,,0.007167163898629946,,0.0,0.0
6788,,0.011014096954546837,,0.0,0.0
6789,,0.005090377965915711,,0.0,0.0
6790,,0.005,,0.0,0.0
6791,,0.010351701895060687,,0.0,0.0
6792,,0.02304068987648144,,0.0,0.0
6793,,0.013892553816651693,,0.0,0.0
6794,,0.012033271359006108,,0.0,0.0
6796,,0.010498770552256528,,0.0,0.0
6797,,0.012175752153763502,,0.0,0.0
6798,,0.011959880651429744,,0.0,0.0
6799,,0.009610649977140031,,0.0,0.0
6803,,0.005,,0.0,0.0
6804,,0.005,,0.0,0.0
6805,,0.01868045143073589,,0.0,0.0
6806,,0.007866732832752892,,0.0,0.0
6807,,0.0082862564748055,,0.0,0.0
6808,,0.010672546752300187,,0.0,0.0
6810,,0.012372708958187704,,0.0,0.0
6811,,0.006614732132749819,,0.0,0.0
6812,,0.02611780007686441,,0.0,0.0
6813,,0.030984655189358612,,0.0,0.0
6814,,0.008053491488032563,,0.0,0.0
6815,,0.013451532359372688,,0.0,0.0
6816,,0.027357168446850513,,0.0,0.0
6817,,0.01304973587177243,,0.0,0.0
6818,,0.023817234781759483,,0.0,0.0
6819,,0.021854264211848703,,0.0,0.0
6820,,0.04514527274253223,,0.0,0.0
6821,,0.005312343920499006,,0.0,0.0
6823,,0.023423754068839328,,0.0,0.0
6825,,0.04484436260915606,,0.0,0.0
6826,,0.018696454758441266,,0.0,0.0
6827,,0.01802180562619056,,0.0,0.0
6829,,0.007478792012686138,,0.0,0.0
6830,,0.022220415474253432,,0.0,0.0
6831,,0.015269941334430638,,0.0,0.0
6832,,0.03316544561448111,,0.0,0.0
6833,,0.02762056456018165,,0.0,0.0
6834,,0.008578077376544669,,0.0,0.0
6835,,0.010127473094745413,,0.0,0.0
6837,,0.04060612752402199,,0.0,0.0
6838,,0.009496013502789719,,0.0,0.0
6839,,0.008548515814619495,,0.0,0.0
6840,,0.02722345697842742,,0.0,0.0
6841,,0.01083310429352225,,0.0,0.0
6842,,0.023228257023997816,,0.0,0.0
6843,,0.025474811058202717,,0.0,0.0
6844,,0.010245248843056696,,0.0,0.0
6846,,0.008714902830779173,,0.0,0.0
6847,,0.021339665208853876,,0.0,0.0
6848,,0.022790824512590208,,0.0,0.0
6849,,0.005,,0.0,0.0
6850,,0.011203296594764982,,0.0,0.0
6854,,0.016107007581604455,,0.0,0.0
6855,,0.02114097101781642,,0.0,0.0
6856,,0.014767878980095982,,0.0,0.0
6857,,0.012259887853162206,,0.0,0.0
6858,,0.018522254536468545,,0.0,0.0
6859,,0.014592684440996297,,0.0,0.0
6861,,0.02937777193105551,,0.0,0.0
6862,,0.02280281907244331,,0.0,0.0
6863,,0.007305095945394151,,0.0,0.0
6864,,0.009911060336864943,,0.0,0.0
6865,,0.016116623738252844,,0.0,0.0
6867,,0.01929920508221525,,0.0,0.0
6868,,0.019173175364535257,,0.0,0.0
6869,,0.010038127848299268,,0.0,0.0
6870,,0.0183342151906184,,0.0,0.0
6872,,0.00793575369245737,,0.0,0.0
6873,,0.011649259249370214,,0.0,0.0
6874,,0.021889365378151553,,0.0,0.0
6875,,0.013372606758236079,,0.0,0.0
6876,,0.005,,0.0,0.0
6877,,0.027882083430153776,,0.0,0.0
6878,,0.019888088878920837,,0.0,0.0
6879,,0.025400885777376234,,0.0,0.0
6881,,0.006042608933053897,,0.0,0.0
6882,,0.026403309454647708,,0.0,0.0
6883,,0.019669047447496507,,0.0,0.0
6884,,0.013513626187572425,,0.0,0.0
6885,,0.005,,0.0,0.0
6886,,0.0163100462551012,,0.0,0.0
6887,,0.01795623570397594,,0.0,0.0
6890,,0.01201076914863583,,0.0,0.0
6891,,0.011954776810019808,,0.0,0.0
6892,,0.005,,0.0,0.0
6894,,0.014456638783230308,,0.0,0.0
6895,,0.02296274219012465,,0.0,0.0
6898,,0.023078916676224744,,0.0,0.0
6899,,0.008108109586735274,,0.0,0.0
6901,,0.006558588144468051,,0.0,0.0
6902,,0.005,,0.0,0.0
6903,,0.013148912561323884,,0.0,0.0
6904,,0.01354351278362318,,0.0,0.0
6906,,0.01294036544264388,,0.0,0.0
6908,,0.024142512281011465,,0.0,0.0
6909,,0.010683092529747132,,0.0,0.0
6910,,0.010891653582967198,,0.0,0.0
6911,,0.014206378229547442,,0.0,0.0
6912,,0.005,,0.0,0.0
6913,,0.015361040585377411,,0.0,0.0
6914,,0.013103225642608822,,0.0,0.0
6915,,0.04106337627464198,,0.0,0.0
6916,,0.023245150509075777,,0.0,0.0
6917,,0.03076276390375917,,0.0,0.0
6918,,0.01283769143602044,,0.0,0.0
6919,,0.01668312599568364,,0.0,0.0
6920,,0.03548416411717183,,0.0,0.0
6921,,0.03161394587584669,,0.0,0.0
6922,,0.009329006795705166,,0.0,0.0
6923,,0.006782213034070001,,0.0,0.0
6924,,0.034759964103008245,,0.0,0.0
6925,,0.005607680518444657,,0.0,0.0
6926,,0.018831139590622003,,0.0,0.0
6927,,0.017869145610711883,,0.0,0.0
6928,,0.009719634505166233,,0.0,0.0
6929,,0.010983145221789265,,0.0,0.0
6931,,0.005,,0.0,0.0
6932,,0.021335073534286975,,0.0,0.0
6933,,0.02451966805958893,,0.0,0.0
6934,,0.011687814379615167,,0.0,0.0
6935,,0.0288354438455782,,0.0,0.0
6936,,0.005,,0.0,0.0
6937,,0.012797351414599723,,0.0,0.0
6938,,0.00550095816886068,,0.0,0.0
6939,,0.014337609867817293,,0.0,0.0
6940,,0.005,,0.0,0.0
6944,,0.013259846068048843,,0.0,0.0
6945,,0.009658458458971796,,0.0,0.0
6946,,0.014509172724555678,,0.0,0.0
6947,,0.02087462874346691,,0.0,0.0
6949,,0.012810610705994813,,0.0,0.0
6951,,0.007407976241078434,,0.0,0.0
6952,,0.013141412899551156,,0.0,0.0
6953,,0.008568383936314433,,0.0,0.0
6955,,0.012524879592537945,,0.0,0.0
6957,,0.02021565480800641,,0.0,0.0
6958,,0.03125741855339227,,0.0,0.0
6959,,0.0281643543816912,,0.0,0.0
6961,,0.005,,0.0,0.0
6962,,0.009232942658961624,,0.0,0.0
6963,,0.022904475348996214,,0.0,0.0
6965,,0.01582938765506957,,0.0,0.0
6967,,0.023288228374707533,,0.0,0.0
6968,,0.015814607593797686,,0.0,0.0
6969,,0.006560222230581631,,0.0,0.0
6971,,0.005,,0.0,0.0
6972,,0.02731755999479524,,0.0,0.0
6973,,0.023576285303373037,,0.0,0.0
6976,,0.00597113931633572,,0.0,0.0
6977,,0.03630454083499327,,0.0,0.0
6979,,0.016788577078571173,,0.0,0.0
6980,,0.019531874017490063,,0.0,0.0
6982,,0.005,,0.0,0.0
6983,,0.038352270052284795,,0.0,0.0
6984,,0.028269309511563697,,0.0,0.0
6986,,0.0171880512770276,,0.0,0.0
6987,,0.00865372575725279,,0.0,0.0
6988,,0.03966719222525095,,0.0,0.0
6990,,0.02341447731340479,,0.0,0.0
6994,,0.009320379567447183,,0.0,0.0
6995,,0.009550803102355692,,0.0,0.0
6996,,0.005,,0.0,0.0
6997,,0.011648481298721097,,0.0,0.0
6999,,0.01926480256978309,,0.0,0.0
7402,,0.008738805661033142,,0.0,0.0
7419,,0.048160388829192685,,0.0,0.0
7427,,0.00664465957171377,,0.0,0.0
7443,,0.020396258559167865,,0.0,0.0
7452,,0.04805712561741991,,0.0,0.0
7455,,0.017284910860305078,,0.0,0.0
7507,,0.016394153345569668,,0.0,0.0
7516,,0.0100460049408082,,0.0,0.0
7530,,0.011706633637985714,,0.0,0.0
7547,,0.030874984159014414,,0.0,0.0
7551,,0.014715886355608084,,0.0,0.0
7555,,0.012020288523663346,,0.0,0.0
7556,,0.009085327026632721,,0.0,0.0
7558,,0.15553304900156753,,0.0,0.0
7561,,0.020049460683825765,,0.0,0.0
7562,,0.01707615910805161,,0.0,0.0
7566,,0.005,,0.0,0.0
7575,,0.03547034079496875,,0.0,0.0
7578,,0.012507834498944999,,0.0,0.0
7583,,0.01802520173207151,,0.0,0.0
7584,,0.02332161088703177,,0.0,0.0
7590,,0.011073921968871782,,0.0,0.0
7595,,0.025786738210172112,,0.0,0.0
7607,,0.038987878318167316,,0.0,0.0
7610,,0.009225789879008045,,0.0,0.0
7631,,0.017508179703678003,,0.0,0.0
7642,,0.005,,0.0,0.0
7669,,0.018089993127654358,,0.0,0.0
7689,,0.008368800038073984,,0.0,0.0
7702,,0.019342816333543005,,0.0,0.0
7703,,0.009617136956469144,,0.0,0.0
7704,,0.010206101990330283,,0.0,0.0
7705,,0.010338643832115003,,0.0,0.0
7706,,0.02703753140301441,,0.0,0.0
7707,,0.029716890640872344,,0.0,0.0
7708,,0.005,,0.0,0.0
7709,,0.031375435123685645,,0.0,0.0
7711,,0.009997505048453627,,0.0,0.0
7712,,0.030299562531976406,,0.0,0.0
7713,,0.008602079361398075,,0.0,0.0
7714,,0.011463670812389422,,0.0,0.0
7715,,0.010140922266758666,,0.0,0.0
7716,,0.013507603510330217,,0.0,0.0
7717,,0.025401857935278035,,0.0,0.0
7718,,0.005442522123009804,,0.0,0.0
7719,,0.007826855842985026,,0.0,0.0
7721,,0.014251777909794029,,0.0,0.0
7722,,0.009852495553104995,,0.0,0.0
7723,,0.006769924745716938,,0.0,0.0
7724,,0.0104462851307825,,0.0,0.0
7725,,0.028809733177438353,,0.0,0.0
7726,,0.005,,0.0,0.0
7728,,0.025512095669190493,,0.0,0.0
7729,,0.015894575906282238,,0.0,0.0
7730,,0.02234399939450447,,0.0,0.0
7731,,0.009995868502903465,,0.0,0.0
7732,,0.014956304886429624,,0.0,0.0
7734,,0.008274714112617725,,0.0,0.0
7736,,0.010513709089911996,,0.0,0.0
7737,,0.013568547550350448,,0.0,0.0
7738,,0.016899876763859404,,0.0,0.0
7740,,0.008551323112578729,,0.0,0.0
7742,,0.021779893471006756,,0.0,0.0
7743,,0.016119547348231233,,0.0,0.0
7744,,0.030257613219486418,,0.0,0.0
7747,,0.005,,0.0,0.0
7748,,0.029695941472117474,,0.0,0.0
7749,,0.00737116551879287,,0.0,0.0
7750,,0.010831887332515897,,0.0,0.0
7751,,0.005,,0.0,0.0
7752,,0.01610709579894145,,0.0,0.0
7753,,0.009275436425482446,,0.0,0.0
7754,,0.016442757435984817,,0.0,0.0
7756,,0.02988447622550103,,0.0,0.0
7757,,0.005,,0.0,0.0
7758,,0.01956706144060021,,0.0,0.0
7759,,0.023494335084624233,,0.0,0.0
7760,,0.007395711017498256,,0.0,0.0
7761,,0.012070599920911298,,0.0,0.0
7762,,0.012054139796848258,,0.0,0.0
7763,,0.014194125628201576,,0.0,0.0
7764,,0.005,,0.0,0.0
7765,,0.007397422824968219,,0.0,0.0
7767,,0.010157988088933619,,0.0,0.0
7768,,0.00926643076189201,,0.0,0.0
7769,,0.023322905664921734,,0.0,0.0
7770,,0.0114155867877916,,0.0,0.0
7772,,0.008739816512931606,,0.0,0.0
7773,,0.012043774700411776,,0.0,0.0
7776,,0.025858417805594443,,0.0,0.0
7777,,0.024272188528517313,,0.0,0.0
7779,,0.026146996680940233,,0.0,0.0
7780,,0.005635340770266832,,0.0,0.0
7781,,0.005,,0.0,0.0
7782,,0.015416148423690308,,0.0,0.0
7783,,0.016248411661258882,,0.0,0.0
7785,,0.019860145815367086,,0.0,0.0
7786,,0.009894068221500974,,0.0,0.0
7788,,0.020454066128685514,,0.0,0.0
7789,,0.0223176240291241,,0.0,0.0
7790,,0.032209279452674,,0.0,0.0
7791,,0.007583528833161564,,0.0,0.0
7792,,0.008374782561612741,,0.0,0.0
7794,,0.026032305496239222,,0.0,0.0
7795,,0.013837344502495203,,0.0,0.0
7796,,0.03914244403413913,,0.0,0.0
7797,,0.011570363990112667,,0.0,0.0
7798,,0.0073130120914082,,0.0,0.0
7799,,0.009924366285302199,,0.0,0.0
7801,,0.01571402507102944,,0.0,0.0
7803,,0.008265419336240717,,0.0,0.0
7805,,0.018520612073275995,,0.0,0.0
7806,,0.01318675677985541,,0.0,0.0
7808,,0.010741572532515484,,0.0,0.0
7810,,0.017815783692478927,,0.0,0.0
7811,,0.01801602727939896,,0.0,0.0
7812,,0.005400686182565304,,0.0,0.0
7813,,0.007804467810944373,,0.0,0.0
7814,,0.03087646821065813,,0.0,0.0
7815,,0.0491186621019623,,0.0,0.0
7816,,0.02351741935094825,,0.0,0.0
7818,,0.009548969967132732,,0.0,0.0
7819,,0.016535329688378467,,0.0,0.0
7820,,0.022678562541293645,,0.0,0.0
7821,,0.016928181189120654,,0.0,0.0
7822,,0.011309695050576402,,0.0,0.0
7824,,0.022389152203725293,,0.0,0.0
7825,,0.005,,0.0,0.0
7826,,0.02095688201250751,,0.0,0.0
7827,,0.007846515698859524,,0.0,0.0
7828,,0.005,,0.0,0.0
7829,,0.011928061006507765,,0.0,0.0
7832,,0.005,,0.0,0.0
7833,,0.015607992770909851,,0.0,0.0
7834,,0.026019527166073607,,0.0,0.0
7836,,0.013665762075608523,,0.0,0.0
7837,,0.015122717518798727,,0.0,0.0
7841,,0.014483681999401123,,0.0,0.0
7842,,0.024717792805479966,,0.0,0.0
7843,,0.0641748600643547,,0.0,0.0
7846,,0.0480151211928958,,0.0,0.0
7847,,0.02125190224662626,,0.0,0.0
7848,,0.014003583716104941,,0.0,0.0
7849,,0.02843259019731367,,0.0,0.0
7850,,0.021757460765867546,,0.0,0.0
7853,,0.021166132131678204,,0.0,0.0
7854,,0.021015684943545773,,0.0,0.0
7856,,0.021198015898330626,,0.0,0.0
7858,,0.018314260774280746,,0.0,0.0
7861,,0.013230808713942166,,0.0,0.0
7862,,0.01876892268579917,,0.0,0.0
7866,,0.018571907284587505,,0.0,0.0
7868,,0.05489097704244176,,0.0,0.0
7871,,0.005,,0.0,0.0
7872,,0.029670648116971007,,0.0,0.0
7876,,0.012466736724124593,,0.0,0.0
7878,,0.006391922570642337,,0.0,0.0
7880,,0.020034981803340898,,0.0,0.0
7882,,0.008126955684174141,,0.0,0.0
7887,,0.011647654323475788,,0.0,0.0
7892,,0.012262288477570596,,0.0,0.0
7893,,0.04212626169988464,,0.0,0.0
8011,,0.005,,0.0,0.0
8016,,0.005608680838404042,,0.0,0.0
8021,,0.00855394105810627,,0.0,0.0
8024,,0.005613074483106306,,0.0,0.0
8027,,0.02197601606387867,,0.0,0.0
8028,,0.023490125652435762,,0.0,0.0
8032,,0.015838938166616346,,0.0,0.0
8033,,0.011863297008471867,,0.0,0.0
8034,,0.009123244463860277,,0.0,0.0
8038,,0.01224321637754869,,0.0,0.0
8039,,0.03043606582620318,,0.0,0.0
8040,,0.011520853650763501,,0.0,0.0
8041,,0.005044040275734224,,0.0,0.0
8042,,0.005479807349358184,,0.0,0.0
8043,,0.008762501304839528,,0.0,0.0
8044,,0.005,,0.0,0.0
8045,,0.014121781833473221,,0.0,0.0
8046,,0.030643854775587866,,0.0,0.0
8047,,0.011009639891967267,,0.0,0.0
8048,,0.005,,0.0,0.0
8049,,0.005,,0.0,0.0
8050,,0.005,,0.0,0.0
8054,,0.011360657404279183,,0.0,0.0
8058,,0.009777792959852871,,0.0,0.0
8059,,0.015029382780797079,,0.0,0.0
8064,,0.009595870547182073,,0.0,0.0
8066,,0.005,,0.0,0.0
8067,,0.013769657113344378,,0.0,0.0
8068,,0.01573242217794635,,0.0,0.0
8069,,0.010973679394803287,,0.0,0.0
8070,,0.009108845639313716,,0.0,0.0
8071,,0.0058562620974989725,,0.0,0.0
8072,,0.008632071866232964,,0.0,0.0
8074,,0.012290050094389555,,0.0,0.0
8076,,0.00948215155956173,,0.0,0.0
8077,,0.029262271211995098,,0.0,0.0
8080,,0.008732129939759229,,0.0,0.0
8081,,0.005,,0.0,0.0
8083,,0.005,,0.0,0.0
8084,,0.018718493070532683,,0.0,0.0
8085,,0.013626787712167715,,0.0,0.0
8086,,0.005397557145894374,,0.0,0.0
8087,,0.009584586923520414,,0.0,0.0
8088,,0.024217793298694022,,0.0,0.0
8089,,0.009962099423802016,,0.0,0.0
8091,,0.008116225417271599,,0.0,0.0
8092,,0.00964696791372796,,0.0,0.0
8093,,0.02050609481406744,,0.0,0.0
8096,,0.015107602488743523,,0.0,0.0
8097,,0.011876221036246895,,0.0,0.0
8098,,0.026524979990654944,,0.0,0.0
8099,,0.005643974490186376,,0.0,0.0
8101,,0.021430772047263874,,0.0,0.0
8102,,0.026355238231547087,,0.0,0.0
8103,,0.005,,0.0,0.0
8104,,0.005100382562434287,,0.0,0.0
8105,,0.011557048759027813,,0.0,0.0
8107,,0.006496049814908221,,0.0,0.0
8109,,0.005,,0.0,0.0
8110,,0.012949244989751935,,0.0,0.0
8111,,0.014547944279306852,,0.0,0.0
8112,,0.011627026858826646,,0.0,0.0
8114,,0.006742142958059686,,0.0,0.0
8115,,0.01925524283240961,,0.0,0.0
8119,,0.017497687289969442,,0.0,0.0
8121,,0.009061855545527483,,0.0,0.0
8131,,0.022792632547377047,,0.0,0.0
8147,,0.008888290772650007,,0.0,0.0
8150,,0.008291552152820708,,0.0,0.0
8155,,0.005,,0.0,0.0
8162,,0.010172945888230082,,0.0,0.0
8163,,0.005468364297691587,,0.0,0.0
8171,,0.006803818881580547,,0.0,0.0
8176,,0.007197729052307907,,0.0,0.0
8179,,0.031136108523237168,,0.0,0.0
8182,,0.01012614006892107,,0.0,0.0
8183,,0.005,,0.0,0.0
8201,,0.006550268629675561,,0.0,0.0
8210,,0.005068917986075586,,0.0,0.0
8213,,0.01303649059921938,,0.0,0.0
8215,,0.02408230010666163,,0.0,0.0
8222,,0.01203423836175899,,0.0,0.0
8227,,0.008818091038799939,,0.0,0.0
8234,,0.01054772941511309,,0.0,0.0
8240,,0.022113270009799985,,0.0,0.0
8249,,0.005,,0.0,0.0
8255,,0.01529374242095524,,0.0,0.0
8261,,0.02232792994911046,,0.0,0.0
8271,,0.030059988795001318,,0.0,0.0
8272,,0.012087298432958403,,0.0,0.0
8277,,0.02391148440159567,,0.0,0.0
8279,,0.005689315999144339,,0.0,0.0
8281,,0.09014248426603183,,0.0,0.0
8284,,0.008928787292880136,,0.0,0.0
8287,,0.08188557079883592,,0.0,0.0
8289,,0.006629039554438936,,0.0,0.0
8291,,0.03306129341447796,,0.0,0.0
8298,,0.03424197140886282,,0.0,0.0
8299,,0.021355134697936276,,0.0,0.0
8329,,0.017452160942866807,,0.0,0.0
8341,,0.005,,0.0,0.0
8342,,0.009084500427755287,,0.0,0.0
8345,,0.016549774643978683,,0.0,0.0
8349,,0.01700722045015523,,0.0,0.0
8354,,0.008940301913585958,,0.0,0.0
8358,,0.012489596643488678,,0.0,0.0
8359,,0.005,,0.0,0.0
8367,,0.005,,0.0,0.0
8374,,0.008971901565108147,,0.0,0.0
8383,,0.006218338316027638,,0.0,0.0
8390,,0.006518174057731556,,0.0,0.0
8401,,0.005398911450878215,,0.0,0.0
8403,,0.005,,0.0,0.0
8404,,0.005,,0.0,0.0
8406,,0.005,,0.0,0.0
8409,,0.005,,0.0,0.0
8410,,0.007164299515344267,,0.0,0.0
8411,,0.0064652216935600065,,0.0,0.0
8415,,0.005,,0.0,0.0
8416,,0.0066325488886519665,,0.0,0.0
8418,,0.005,,0.0,0.0
8420,,0.005,,0.0,0.0
8421,,0.01079613587276898,,0.0,0.0
8422,,0.006659532196492292,,0.0,0.0
8423,,0.021701898583635887,,0.0,0.0
8424,,0.005,,0.0,0.0
8426,,0.007690504252844424,,0.0,0.0
8427,,0.005,,0.0,0.0
8429,,0.005,,0.0,0.0
8431,,0.021127011961515705,,0.0,0.0
8432,,0.007757537860627409,,0.0,0.0
8433,,0.01392587557589875,,0.0,0.0
8435,,0.005,,0.0,0.0
8436,,0.005,,0.0,0.0
8437,,0.01054329246827129,,0.0,0.0
8438,,0.014917783479148865,,0.0,0.0
8440,,0.005,,0.0,0.0
8442,,0.015251112497977861,,0.0,0.0
8443,,0.005705579948433694,,0.0,0.0
8444,,0.011855631314073457,,0.0,0.0
8446,,0.005,,0.0,0.0
8450,,0.005425453628327605,,0.0,0.0
8454,,0.005,,0.0,0.0
8455,,0.030513001079191422,,0.0,0.0
8458,,0.027281682157313424,,0.0,0.0
8462,,0.013591745187449308,,0.0,0.0
8463,,0.008219025268336386,,0.0,0.0
8464,,0.01715744579531706,,0.0,0.0
8465,,0.1386334302975922,,0.0,0.0
8466,,0.014479112510491216,,0.0,0.0
8467,,0.012681113259464829,,0.0,0.0
8472,,0.03591309605614978,,0.0,0.0
8473,,0.005268329160467237,,0.0,0.0
8476,,0.007375729202903927,,0.0,0.0
8477,,0.013086894562193866,,0.0,0.0
8478,,0.01324373025825647,,0.0,0.0
8480,,0.005,,0.0,0.0
8481,,0.005,,0.0,0.0
8482,,0.02676202808495037,,0.0,0.0
8487,,0.005839204212796866,,0.0,0.0
8488,,0.01077233493081813,,0.0,0.0
8489,,0.03458163156960013,,0.0,0.0
8490,,0.09844505106769902,,0.0,0.0
8491,,0.1775872422537641,,0.0,0.0
8492,,0.09205321386678833,,0.0,0.0
8495,,0.20114821229522212,,0.0,0.0
8497,,0.005,,0.0,0.0
8499,,0.019113770629891422,,0.0,0.0
8905,,0.006680845941017897,,0.0,0.0
8906,,0.014500234178786355,,0.0,0.0
8908,,0.012591555839832595,,0.0,0.0
8913,,0.005,,0.0,0.0
8916,,0.005,,0.0,0.0
8917,,0.022312026991186538,,0.0,0.0
8921,,0.019421408849199597,,0.0,0.0
8923,,0.02818140077671202,,0.0,0.0
8924,,0.005,,0.0,0.0
8926,,0.005,,0.0,0.0
8927,,0.012958398863330991,,0.0,0.0
8928,,0.005264458463272075,,0.0,0.0
8929,,0.009479296587142695,,0.0,0.0
8930,,0.005,,0.0,0.0
8931,,0.006720066224876805,,0.0,0.0
8932,,0.00736911669109756,,0.0,0.0
8933,,0.010170513017551095,,0.0,0.0
8934,,0.030077149196501205,,0.0,0.0
8935,,0.006707605024904491,,0.0,0.0
8936,,0.009434332117823248,,0.0,0.0
8937,,0.018670719255695818,,0.0,0.0
8938,,0.006822587502031719,,0.0,0.0
8940,,0.005,,0.0,0.0
8941,,0.00923100817224117,,0.0,0.0
8942,,0.0111531996079888,,0.0,0.0
8996,,0.029093777434299358,,0.0,0.0
8999,,0.03700949006766894,,0.0,0.0
9103,,0.01054931831079287,,0.0,0.0
9105,,0.012374797296079324,,0.0,0.0
9110,,0.032122770914736934,,0.0,0.0
9136,,0.01571122356884164,,0.0,0.0
9157,,0.014197291893607612,,0.0,0.0
9188,,0.005,,0.0,0.0
9802,,0.005,,0.0,0.0
9902,,0.0060305521335131665,,0.0,0.0
9904,,0.007709860811394387,,0.0,0.0
9905,,0.013007331738693716,,0.0,0.0
9906,,0.00959577192184596,,0.0,0.0
9907,,0.005,,0.0,0.0
9908,,0.006228796996238429,,0.0,0.0
9910,,0.008619571145617453,,0.0,0.0
9911,,0.007339405336103176,,0.0,0.0
9912,,0.005,,0.0,0.0
9914,,0.005,,0.0,0.0
9917,,0.014980809233226729,,0.0,0.0
9918,,0.024315450623298828,,0.0,0.0
9919,,0.005,,0.0,0.0
9921,,0.005,,0.0,0.0
9924,,0.005,,0.0,0.0
9925,,0.005,,0.0,0.0
9926,,0.005,,0.0,0.0
9927,,0.005,,0.0,0.0
9928,,0.005807172309130267,,0.0,0.0
9929,,0.021407795218872004,,0.0,0.0
9930,,0.005,,0.0,0.0
9931,,0.014251709830884871,,0.0,0.0
9933,,0.01604116743909717,,0.0,0.0
9934,,0.008430820819472076,,0.0,0.0
9935,,0.007812068940531692,,0.0,0.0
9937,,0.005,,0.0,0.0
9938,,0.005,,0.0,0.0
9939,,0.007117315208911699,,0.0,0.0
9940,,0.005,,0.0,0.0
9941,,0.005,,0.0,0.0
9942,,0.005,,0.0,0.0
9943,,0.007627735356275958,,0.0,0.0
9944,,0.005,,0.0,0.0
9945,,0.005,,0.0,0.0
9946,,0.010341637482130303,,0.0,0.0
9949,,0.017352799417919024,,0.0,0.0
9950,,0.005,,0.0,0.0
9951,,0.005,,0.0,0.0
9955,,0.006745083337924919,,0.0,0.0
9957,,0.007540062177925417,,0.0,0.0
9958,,0.00846351459086588,,0.0,0.0
9960,,0.010137043290589454,,0.0,0.0
9962,,0.0050019988722557526,,0.0,0.0
