stock_id,Date,score,rank
7708,2026-08-06,0.15185547,1
6968,2026-08-06,0.13146973,2
6165,2026-08-06,0.09710693,3
4904,2026-08-06,0.09020996,4
2633,2026-08-06,0.08251953,5
8432,2026-08-06,0.08117676,6
9960,2026-08-06,0.08068848,7
8284,2026-08-06,0.0803833,8
4535,2026-08-06,0.077941895,9
7760,2026-08-06,0.07788086,10
7786,2026-08-06,0.07757568,11
3118,2026-08-06,0.07678223,12
5533,2026-08-06,0.07672119,13
3512,2026-08-06,0.076171875,14
4580,2026-08-06,0.07550049,15
9951,2026-08-06,0.07458496,16
8401,2026-08-06,0.074279785,17
4153,2026-08-06,0.074035645,18
9905,2026-08-06,0.07397461,19
2542,2026-08-06,0.07330322,20
2832,2026-08-06,0.07293701,21
4138,2026-08-06,0.07287598,22
1777,2026-08-06,0.0725708,23
6028,2026-08-06,0.0725708,24
1268,2026-08-06,0.0725708,25
6914,2026-08-06,0.072509766,26
1788,2026-08-06,0.072387695,27
4107,2026-08-06,0.072265625,28
8481,2026-08-06,0.072143555,29
8435,2026-08-06,0.071777344,30
8424,2026-08-06,0.07165527,31
1730,2026-08-06,0.0715332,32
6474,2026-08-06,0.070617676,33
8930,2026-08-06,0.07055664,34
2385,2026-08-06,0.0703125,35
4116,2026-08-06,0.070251465,36
4754,2026-08-06,0.07019043,37
8049,2026-08-06,0.07019043,38
4207,2026-08-06,0.070129395,39
3171,2026-08-06,0.070129395,40
9931,2026-08-06,0.07006836,41
5609,2026-08-06,0.070007324,42
5525,2026-08-06,0.06994629,43
2816,2026-08-06,0.06994629,44
4735,2026-08-06,0.06970215,45
5212,2026-08-06,0.06970215,46
4536,2026-08-06,0.06939697,47
2442,2026-08-06,0.06933594,48
3158,2026-08-06,0.06896973,49
4506,2026-08-06,0.06878662,50
2727,2026-08-06,0.06866455,51
1817,2026-08-06,0.068603516,52
9926,2026-08-06,0.068481445,53
7718,2026-08-06,0.06829834,54
1731,2026-08-06,0.068237305,55
6855,2026-08-06,0.06817627,56
4581,2026-08-06,0.068115234,57
5519,2026-08-06,0.06768799,58
8433,2026-08-06,0.06756592,59
1416,2026-08-06,0.06726074,60
6670,2026-08-06,0.06695557,61
2751,2026-08-06,0.06689453,62
4111,2026-08-06,0.066711426,63
7770,2026-08-06,0.066711426,64
1339,2026-08-06,0.066711426,65
4550,2026-08-06,0.066223145,66
5324,2026-08-06,0.066101074,67
6281,2026-08-06,0.06604004,68
3611,2026-08-06,0.0657959,69
2433,2026-08-06,0.06549072,70
6936,2026-08-06,0.06542969,71
1752,2026-08-06,0.06536865,72
2114,2026-08-06,0.06518555,73
2945,2026-08-06,0.06506348,74
8416,2026-08-06,0.064941406,75
9917,2026-08-06,0.064941406,76
8072,2026-08-06,0.06488037,77
2852,2026-08-06,0.064819336,78
6690,2026-08-06,0.06463623,79
3306,2026-08-06,0.064575195,80
6154,2026-08-06,0.064575195,81
6752,2026-08-06,0.064208984,82
3622,2026-08-06,0.06402588,83
9908,2026-08-06,0.063964844,84
3213,2026-08-06,0.06378174,85
1783,2026-08-06,0.06378174,86
6844,2026-08-06,0.06347656,87
2488,2026-08-06,0.06341553,88
7747,2026-08-06,0.06329346,89
4417,2026-08-06,0.06317139,90
1726,2026-08-06,0.06311035,91
1419,2026-08-06,0.06311035,92
1734,2026-08-06,0.06262207,93
1472,2026-08-06,0.0625,94
2471,2026-08-06,0.062408447,95
8487,2026-08-06,0.06210327,96
6662,2026-08-06,0.061798096,97
8446,2026-08-06,0.061676025,98
5547,2026-08-06,0.061401367,99
2432,2026-08-06,0.061309814,100
6843,2026-08-06,0.06109619,101
2739,2026-08-06,0.060943604,102
7782,2026-08-06,0.060943604,103
2501,2026-08-06,0.060913086,104
1102,2026-08-06,0.06085205,105
2480,2026-08-06,0.060791016,106
2897,2026-08-06,0.060760498,107
9925,2026-08-06,0.06072998,108
7757,2026-08-06,0.060546875,109
6803,2026-08-06,0.060424805,110
1565,2026-08-06,0.060424805,111
1720,2026-08-06,0.06021118,112
3597,2026-08-06,0.060150146,113
9941,2026-08-06,0.060028076,114
3310,2026-08-06,0.05996704,115
4161,2026-08-06,0.05984497,116
8367,2026-08-06,0.059661865,117
1294,2026-08-06,0.059326172,118
3188,2026-08-06,0.059295654,119
1240,2026-08-06,0.05923462,120
3492,2026-08-06,0.05886841,121
2617,2026-08-06,0.05871582,122
1737,2026-08-06,0.058654785,123
4432,2026-08-06,0.058624268,124
9935,2026-08-06,0.058563232,125
2753,2026-08-06,0.058441162,126
1531,2026-08-06,0.058441162,127
5508,2026-08-06,0.05834961,128
3045,2026-08-06,0.05822754,129
5353,2026-08-06,0.058166504,130
6183,2026-08-06,0.057891846,131
1611,2026-08-06,0.057891846,132
6771,2026-08-06,0.05783081,133
2752,2026-08-06,0.057495117,134
6170,2026-08-06,0.057495117,135
9927,2026-08-06,0.0574646,136
2062,2026-08-06,0.057434082,137
6556,2026-08-06,0.057281494,138
1558,2026-08-06,0.05722046,139
1315,2026-08-06,0.057128906,140
4433,2026-08-06,0.057037354,141
1540,2026-08-06,0.05697632,142
4568,2026-08-06,0.05682373,143
4305,2026-08-06,0.05630493,144
6527,2026-08-06,0.05621338,145
6192,2026-08-06,0.055755615,146
3526,2026-08-06,0.055725098,147
9939,2026-08-06,0.055603027,148
1733,2026-08-06,0.055541992,149
2731,2026-08-06,0.055511475,150
6790,2026-08-06,0.055389404,151
1323,2026-08-06,0.055358887,152
4974,2026-08-06,0.0552063,153
6899,2026-08-06,0.05517578,154
2820,2026-08-06,0.055023193,155
2762,2026-08-06,0.054748535,156
8279,2026-08-06,0.054626465,157
4126,2026-08-06,0.054626465,158
5230,2026-08-06,0.054595947,159
2838,2026-08-06,0.054504395,160
6703,2026-08-06,0.054504395,161
6996,2026-08-06,0.05441284,162
2948,2026-08-06,0.05441284,163
6625,2026-08-06,0.05432129,164
7716,2026-08-06,0.05429077,165
6115,2026-08-06,0.05429077,166
9918,2026-08-06,0.054138184,167
1451,2026-08-06,0.05404663,168
4527,2026-08-06,0.053497314,169
1227,2026-08-06,0.053497314,170
9937,2026-08-06,0.05328369,171
6722,2026-08-06,0.053222656,172
6023,2026-08-06,0.053222656,173
3356,2026-08-06,0.05291748,174
6596,2026-08-06,0.052856445,175
5315,2026-08-06,0.052856445,176
6212,2026-08-06,0.052734375,177
6776,2026-08-06,0.052642822,178
6951,2026-08-06,0.052581787,179
2729,2026-08-06,0.052581787,180
5016,2026-08-06,0.05227661,181
1702,2026-08-06,0.052246094,182
1580,2026-08-06,0.052215576,183
4430,2026-08-06,0.052124023,184
2511,2026-08-06,0.05203247,185
6605,2026-08-06,0.0519104,186
6185,2026-08-06,0.051727295,187
4554,2026-08-06,0.05166626,188
2845,2026-08-06,0.051574707,189
2636,2026-08-06,0.05142212,190
5534,2026-08-06,0.05126953,191
7642,2026-08-06,0.05117798,192
2851,2026-08-06,0.05102539,193
3164,2026-08-06,0.050994873,194
5278,2026-08-06,0.050933838,195
2107,2026-08-06,0.050872803,196
6146,2026-08-06,0.050628662,197
7753,2026-08-06,0.05050659,198
5215,2026-08-06,0.050445557,199
1614,2026-08-06,0.05041504,200
2536,2026-08-06,0.050231934,201
8478,2026-08-06,0.050079346,202
6697,2026-08-06,0.05001831,203
2459,2026-08-06,0.049957275,204
3025,2026-08-06,0.049926758,205
4173,2026-08-06,0.049835205,206
7736,2026-08-06,0.049835205,207
3646,2026-08-06,0.049743652,208
2855,2026-08-06,0.0496521,209
1233,2026-08-06,0.049468994,210
2211,2026-08-06,0.04937744,211
8349,2026-08-06,0.04928589,212
5015,2026-08-06,0.04916382,213
8917,2026-08-06,0.04916382,214
6641,2026-08-06,0.048980713,215
2373,2026-08-06,0.048950195,216
7743,2026-08-06,0.048828125,217
2812,2026-08-06,0.04852295,218
7821,2026-08-06,0.04815674,219
4907,2026-08-06,0.04815674,220
1234,2026-08-06,0.048095703,221
1475,2026-08-06,0.048065186,222
4440,2026-08-06,0.048065186,223
6195,2026-08-06,0.048034668,224
4995,2026-08-06,0.047973633,225
2640,2026-08-06,0.047821045,226
6590,2026-08-06,0.047729492,227
1307,2026-08-06,0.047698975,228
2008,2026-08-06,0.04748535,229
6464,2026-08-06,0.04748535,230
2109,2026-08-06,0.047424316,231
6242,2026-08-06,0.04736328,232
2115,2026-08-06,0.04736328,233
4523,2026-08-06,0.04714966,234
2247,2026-08-06,0.047088623,235
3703,2026-08-06,0.047058105,236
6728,2026-08-06,0.04699707,237
3628,2026-08-06,0.046936035,238
5902,2026-08-06,0.046844482,239
6757,2026-08-06,0.046722412,240
5356,2026-08-06,0.046661377,241
2020,2026-08-06,0.0463562,242
8462,2026-08-06,0.046325684,243
2546,2026-08-06,0.046295166,244
3332,2026-08-06,0.04623413,245
6606,2026-08-06,0.04611206,246
1603,2026-08-06,0.045898438,247
6918,2026-08-06,0.04586792,248
6592,2026-08-06,0.04586792,249
3206,2026-08-06,0.045837402,250
4933,2026-08-06,0.045837402,251
6136,2026-08-06,0.04574585,252
8941,2026-08-06,0.045562744,253
5403,2026-08-06,0.04547119,254
3266,2026-08-06,0.045410156,255
5704,2026-08-06,0.045288086,256
3679,2026-08-06,0.04522705,257
2607,2026-08-06,0.045013428,258
6506,2026-08-06,0.045013428,259
5871,2026-08-06,0.044830322,260
2850,2026-08-06,0.04473877,261
4746,2026-08-06,0.044677734,262
4702,2026-08-06,0.044525146,263
3596,2026-08-06,0.04434204,264
1446,2026-08-06,0.04434204,265
3570,2026-08-06,0.04425049,266
5209,2026-08-06,0.04421997,267
1537,2026-08-06,0.04421997,268
6856,2026-08-06,0.044189453,269
9940,2026-08-06,0.044158936,270
3592,2026-08-06,0.0440979,271
1604,2026-08-06,0.0440979,272
2066,2026-08-06,0.044036865,273
8415,2026-08-06,0.043914795,274
6482,2026-08-06,0.043884277,275
6763,2026-08-06,0.04385376,276
6201,2026-08-06,0.04385376,277
6629,2026-08-06,0.043823242,278
2015,2026-08-06,0.04373169,279
2612,2026-08-06,0.04348755,280
2903,2026-08-06,0.04345703,281
1104,2026-08-06,0.043426514,282
5438,2026-08-06,0.043395996,283
8341,2026-08-06,0.04336548,284
1615,2026-08-06,0.04336548,285
4711,2026-08-06,0.04333496,286
2453,2026-08-06,0.04321289,287
3567,2026-08-06,0.04321289,288
6216,2026-08-06,0.043151855,289
6581,2026-08-06,0.04309082,290
4120,2026-08-06,0.043060303,291
6754,2026-08-06,0.043060303,292
4590,2026-08-06,0.043029785,293
1457,2026-08-06,0.043029785,294
3218,2026-08-06,0.04296875,295
1521,2026-08-06,0.042907715,296
7705,2026-08-06,0.042816162,297
2362,2026-08-06,0.04272461,298
2537,2026-08-06,0.042510986,299
2597,2026-08-06,0.042510986,300
1256,2026-08-06,0.04248047,301
1464,2026-08-06,0.042419434,302
5007,2026-08-06,0.04232788,303
5515,2026-08-06,0.042297363,304
4951,2026-08-06,0.04220581,305
2006,2026-08-06,0.04220581,306
7738,2026-08-06,0.04220581,307
4438,2026-08-06,0.042144775,308
2889,2026-08-06,0.042114258,309
8916,2026-08-06,0.042114258,310
6026,2026-08-06,0.041931152,311
5206,2026-08-06,0.041900635,312
6186,2026-08-06,0.041778564,313
8083,2026-08-06,0.041778564,314
6655,2026-08-06,0.04159546,315
6491,2026-08-06,0.041534424,316
2915,2026-08-06,0.04144287,317
6177,2026-08-06,0.041259766,318
3713,2026-08-06,0.041137695,319
2547,2026-08-06,0.04107666,320
2013,2026-08-06,0.040985107,321
3056,2026-08-06,0.040740967,322
2308,2026-08-06,0.040740967,323
2228,2026-08-06,0.04071045,324
2106,2026-08-06,0.040649414,325
4104,2026-08-06,0.040618896,326
2072,2026-08-06,0.040527344,327
4767,2026-08-06,0.040527344,328
2206,2026-08-06,0.04046631,329
6189,2026-08-06,0.04046631,330
2880,2026-08-06,0.04031372,331
4105,2026-08-06,0.040283203,332
1459,2026-08-06,0.040283203,333
6171,2026-08-06,0.040252686,334
3071,2026-08-06,0.040222168,335
6279,2026-08-06,0.040039062,336
2010,2026-08-06,0.039978027,337
6782,2026-08-06,0.039855957,338
1525,2026-08-06,0.03982544,339
1808,2026-08-06,0.039733887,340
6982,2026-08-06,0.03967285,341
3552,2026-08-06,0.039489746,342
2548,2026-08-06,0.03933716,343
2801,2026-08-06,0.03930664,344
6123,2026-08-06,0.039245605,345
6194,2026-08-06,0.039245605,346
9110,2026-08-06,0.03918457,347
7811,2026-08-06,0.039093018,348
6248,2026-08-06,0.0390625,349
1512,2026-08-06,0.03894043,350
6534,2026-08-06,0.038909912,351
2069,2026-08-06,0.038879395,352
2235,2026-08-06,0.038848877,353
6109,2026-08-06,0.038757324,354
1470,2026-08-06,0.038726807,355
2906,2026-08-06,0.03869629,356
3287,2026-08-06,0.038635254,357
7767,2026-08-06,0.03857422,358
6865,2026-08-06,0.038330078,359
8423,2026-08-06,0.03829956,360
2387,2026-08-06,0.03829956,361
2450,2026-08-06,0.038146973,362
6516,2026-08-06,0.038024902,363
1598,2026-08-06,0.037994385,364
2707,2026-08-06,0.037872314,365
4950,2026-08-06,0.037628174,366
8176,2026-08-06,0.037353516,367
9944,2026-08-06,0.037353516,368
6508,2026-08-06,0.037322998,369
7732,2026-08-06,0.037139893,370
1210,2026-08-06,0.037109375,371
6294,2026-08-06,0.037078857,372
3038,2026-08-06,0.036956787,373
2916,2026-08-06,0.036865234,374
6651,2026-08-06,0.036621094,375
3168,2026-08-06,0.036621094,376
1524,2026-08-06,0.036499023,377
2207,2026-08-06,0.036376953,378
1423,2026-08-06,0.036346436,379
2892,2026-08-06,0.036102295,380
6637,2026-08-06,0.036071777,381
4154,2026-08-06,0.036071777,382
9930,2026-08-06,0.03604126,383
5203,2026-08-06,0.036010742,384
1477,2026-08-06,0.035980225,385
5220,2026-08-06,0.035705566,386
1264,2026-08-06,0.035461426,387
3085,2026-08-06,0.035369873,388
6874,2026-08-06,0.035308838,389
8183,2026-08-06,0.03527832,390
1712,2026-08-06,0.035186768,391
3023,2026-08-06,0.035186768,392
6266,2026-08-06,0.035003662,393
9912,2026-08-06,0.03488159,394
6751,2026-08-06,0.034820557,395
2377,2026-08-06,0.034729004,396
8938,2026-08-06,0.03463745,397
6961,2026-08-06,0.034484863,398
8463,2026-08-06,0.034454346,399
5523,2026-08-06,0.034301758,400
3078,2026-08-06,0.03414917,401
3130,2026-08-06,0.034118652,402
2516,2026-08-06,0.034088135,403
5878,2026-08-06,0.034057617,404
2643,2026-08-06,0.034057617,405
2937,2026-08-06,0.033966064,406
3227,2026-08-06,0.033843994,407
2606,2026-08-06,0.033721924,408
5455,2026-08-06,0.033721924,409
4736,2026-08-06,0.033721924,410
8464,2026-08-06,0.033691406,411
1599,2026-08-06,0.03338623,412
5703,2026-08-06,0.033294678,413
2539,2026-08-06,0.033294678,414
5225,2026-08-06,0.03326416,415
4163,2026-08-06,0.033203125,416
1593,2026-08-06,0.033111572,417
4942,2026-08-06,0.032928467,418
1473,2026-08-06,0.032470703,419
8928,2026-08-06,0.032348633,420
2504,2026-08-06,0.032226562,421
1713,2026-08-06,0.032196045,422
1442,2026-08-06,0.031341553,423
5283,2026-08-06,0.031311035,424
2520,2026-08-06,0.03111267,425
1109,2026-08-06,0.031097412,426
4953,2026-08-06,0.031051636,427
7713,2026-08-06,0.03100586,428
4747,2026-08-06,0.030914307,429
4532,2026-08-06,0.030853271,430
5511,2026-08-06,0.030776978,431
5531,2026-08-06,0.03074646,432
5213,2026-08-06,0.030685425,433
3684,2026-08-06,0.030670166,434
4131,2026-08-06,0.030654907,435
5903,2026-08-06,0.03060913,436
5880,2026-08-06,0.030548096,437
6128,2026-08-06,0.030441284,438
6846,2026-08-06,0.030319214,439
6523,2026-08-06,0.030227661,440
5465,2026-08-06,0.030181885,441
6958,2026-08-06,0.030044556,442
2330,2026-08-06,0.02998352,443
5312,2026-08-06,0.029953003,444
7631,2026-08-06,0.029922485,445
1463,2026-08-06,0.029907227,446
2412,2026-08-06,0.029769897,447
1103,2026-08-06,0.02960205,448
4420,2026-08-06,0.02960205,449
3264,2026-08-06,0.029220581,450
2108,2026-08-06,0.029205322,451
2867,2026-08-06,0.029205322,452
2748,2026-08-06,0.029174805,453
2637,2026-08-06,0.029144287,454
6743,2026-08-06,0.029129028,455
1402,2026-08-06,0.029052734,456
6222,2026-08-06,0.029022217,457
2496,2026-08-06,0.029022217,458
6561,2026-08-06,0.02897644,459
3150,2026-08-06,0.028884888,460
6835,2026-08-06,0.02885437,461
8410,2026-08-06,0.028747559,462
4560,2026-08-06,0.028747559,463
2505,2026-08-06,0.028717041,464
6114,2026-08-06,0.028640747,465
6708,2026-08-06,0.028549194,466
1445,2026-08-06,0.028442383,467
1527,2026-08-06,0.028427124,468
1476,2026-08-06,0.028411865,469
5604,2026-08-06,0.028320312,470
8032,2026-08-06,0.028244019,471
1203,2026-08-06,0.02822876,472
5288,2026-08-06,0.028167725,473
6542,2026-08-06,0.028152466,474
8342,2026-08-06,0.028121948,475
2704,2026-08-06,0.028045654,476
9950,2026-08-06,0.027938843,477
8908,2026-08-06,0.02772522,478
2890,2026-08-06,0.027496338,479
2596,2026-08-06,0.027496338,480
1732,2026-08-06,0.027389526,481
1437,2026-08-06,0.027297974,482
3419,2026-08-06,0.027267456,483
2755,2026-08-06,0.02696228,484
2904,2026-08-06,0.026641846,485
9962,2026-08-06,0.02658081,486
5538,2026-08-06,0.026473999,487
6208,2026-08-06,0.02645874,488
5522,2026-08-06,0.026412964,489
2506,2026-08-06,0.026397705,490
9945,2026-08-06,0.026397705,491
8354,2026-08-06,0.026275635,492
2901,2026-08-06,0.026000977,493
3044,2026-08-06,0.025985718,494
2421,2026-08-06,0.025970459,495
4205,2026-08-06,0.0259552,496
2836,2026-08-06,0.025817871,497
1453,2026-08-06,0.025787354,498
2885,2026-08-06,0.025634766,499
4572,2026-08-06,0.025634766,500
1232,2026-08-06,0.025604248,501
1436,2026-08-06,0.025497437,502
1108,2026-08-06,0.025421143,503
4106,2026-08-06,0.025268555,504
8272,2026-08-06,0.02519226,505
9928,2026-08-06,0.025131226,506
3434,2026-08-06,0.02508545,507
3128,2026-08-06,0.025054932,508
1781,2026-08-06,0.025054932,509
2414,2026-08-06,0.024810791,510
2012,2026-08-06,0.024719238,511
2834,2026-08-06,0.024627686,512
8442,2026-08-06,0.024414062,513
8277,2026-08-06,0.024383545,514
4441,2026-08-06,0.024169922,515
2065,2026-08-06,0.024047852,516
4401,2026-08-06,0.023971558,517
2701,2026-08-06,0.023956299,518
6263,2026-08-06,0.023925781,519
2455,2026-08-06,0.023803711,520
6671,2026-08-06,0.02357483,521
5548,2026-08-06,0.02357483,522
6203,2026-08-06,0.02357483,523
9934,2026-08-06,0.02357483,524
6264,2026-08-06,0.023529053,525
3115,2026-08-06,0.023269653,526
3257,2026-08-06,0.0231781,527
6792,2026-08-06,0.023086548,528
2227,2026-08-06,0.023071289,529
8931,2026-08-06,0.023010254,530
4771,2026-08-06,0.022964478,531
3141,2026-08-06,0.02293396,532
1465,2026-08-06,0.022659302,533
2732,2026-08-06,0.022598267,534
5514,2026-08-06,0.022583008,535
2030,2026-08-06,0.022399902,536
7805,2026-08-06,0.022323608,537
3516,2026-08-06,0.021942139,538
1236,2026-08-06,0.021759033,539
1201,2026-08-06,0.02166748,540
8080,2026-08-06,0.021636963,541
3607,2026-08-06,0.021499634,542
1506,2026-08-06,0.021484375,543
7820,2026-08-06,0.021469116,544
2461,2026-08-06,0.02142334,545
4114,2026-08-06,0.021408081,546
6791,2026-08-06,0.021347046,547
1616,2026-08-06,0.021347046,548
1432,2026-08-06,0.021316528,549
5410,2026-08-06,0.021240234,550
2379,2026-08-06,0.020980835,551
8087,2026-08-06,0.020935059,552
3617,2026-08-06,0.020828247,553
2477,2026-08-06,0.020828247,554
5478,2026-08-06,0.020828247,555
2509,2026-08-06,0.02078247,556
2891,2026-08-06,0.020736694,557
3303,2026-08-06,0.020645142,558
8936,2026-08-06,0.020629883,559
3022,2026-08-06,0.020462036,560
7791,2026-08-06,0.020233154,561
4538,2026-08-06,0.020217896,562
2614,2026-08-06,0.020126343,563
4972,2026-08-06,0.020080566,564
2705,2026-08-06,0.020080566,565
2608,2026-08-06,0.020065308,566
1805,2026-08-06,0.020019531,567
3217,2026-08-06,0.019958496,568
4502,2026-08-06,0.019851685,569
8927,2026-08-06,0.019836426,570
1460,2026-08-06,0.019714355,571
3052,2026-08-06,0.019699097,572
4994,2026-08-06,0.01965332,573
1906,2026-08-06,0.019500732,574
6167,2026-08-06,0.019424438,575
9942,2026-08-06,0.019348145,576
2849,2026-08-06,0.01928711,577
3010,2026-08-06,0.019241333,578
5201,2026-08-06,0.019165039,579
1535,2026-08-06,0.018981934,580
1443,2026-08-06,0.018936157,581
3083,2026-08-06,0.018859863,582
2458,2026-08-06,0.018737793,583
2102,2026-08-06,0.018722534,584
3293,2026-08-06,0.018676758,585
6412,2026-08-06,0.018630981,586
6229,2026-08-06,0.018585205,587
4439,2026-08-06,0.018554688,588
6955,2026-08-06,0.018554688,589
6121,2026-08-06,0.018432617,590
3546,2026-08-06,0.0184021,591
6411,2026-08-06,0.01838684,592
3706,2026-08-06,0.018295288,593
1338,2026-08-06,0.01828003,594
8942,2026-08-06,0.018218994,595
5302,2026-08-06,0.018081665,596
6233,2026-08-06,0.018035889,597
2420,2026-08-06,0.0178833,598
5529,2026-08-06,0.017868042,599
2204,2026-08-06,0.017837524,600
2706,2026-08-06,0.017669678,601
6151,2026-08-06,0.017578125,602
4557,2026-08-06,0.017333984,603
4915,2026-08-06,0.017181396,604
1612,2026-08-06,0.01713562,605
8076,2026-08-06,0.017089844,606
8409,2026-08-06,0.017059326,607
5364,2026-08-06,0.017044067,608
6666,2026-08-06,0.016860962,609
3005,2026-08-06,0.016815186,610
2462,2026-08-06,0.016799927,611
1110,2026-08-06,0.01676941,612
6721,2026-08-06,0.016677856,613
6240,2026-08-06,0.016601562,614
1220,2026-08-06,0.016448975,615
6859,2026-08-06,0.016418457,616
5287,2026-08-06,0.016281128,617
6560,2026-08-06,0.01626587,618
1760,2026-08-06,0.016235352,619
3268,2026-08-06,0.016204834,620
1417,2026-08-06,0.016098022,621
1438,2026-08-06,0.01600647,622
6913,2026-08-06,0.015991211,623
1541,2026-08-06,0.015960693,624
8482,2026-08-06,0.015960693,625
3711,2026-08-06,0.015945435,626
6111,2026-08-06,0.015853882,627
3285,2026-08-06,0.015670776,628
6910,2026-08-06,0.015625,629
6591,2026-08-06,0.015617371,630
8443,2026-08-06,0.015594482,631
9929,2026-08-06,0.015594482,632
2641,2026-08-06,0.015579224,633
3034,2026-08-06,0.015327454,634
2035,2026-08-06,0.015258789,635
6909,2026-08-06,0.015174866,636
3527,2026-08-06,0.015167236,637
6486,2026-08-06,0.014930725,638
6210,2026-08-06,0.014907837,639
4528,2026-08-06,0.014831543,640
6720,2026-08-06,0.014785767,641
2441,2026-08-06,0.014762878,642
6612,2026-08-06,0.014709473,643
4148,2026-08-06,0.014709473,644
1474,2026-08-06,0.014663696,645
4190,2026-08-06,0.0146102905,646
6741,2026-08-06,0.014556885,647
1513,2026-08-06,0.014541626,648
4935,2026-08-06,0.014526367,649
6221,2026-08-06,0.014419556,650
1725,2026-08-06,0.014411926,651
6152,2026-08-06,0.01424408,652
8048,2026-08-06,0.014205933,653
8034,2026-08-06,0.014167786,654
4306,2026-08-06,0.014053345,655
1907,2026-08-06,0.013748169,656
1217,2026-08-06,0.013748169,657
2886,2026-08-06,0.013710022,658
7765,2026-08-06,0.013702393,659
6971,2026-08-06,0.013633728,660
2905,2026-08-06,0.013626099,661
2540,2026-08-06,0.013618469,662
3226,2026-08-06,0.01361084,663
6967,2026-08-06,0.013465881,664
2745,2026-08-06,0.013374329,665
2427,2026-08-06,0.013305664,666
1583,2026-08-06,0.013290405,667
6881,2026-08-06,0.013252258,668
4188,2026-08-06,0.0131073,669
4728,2026-08-06,0.012825012,670
5543,2026-08-06,0.012802124,671
1471,2026-08-06,0.012786865,672
2024,2026-08-06,0.012771606,673
3046,2026-08-06,0.012702942,674
6598,2026-08-06,0.012687683,675
2347,2026-08-06,0.012672424,676
3014,2026-08-06,0.012626648,677
2528,2026-08-06,0.012611389,678
3540,2026-08-06,0.01260376,679
5344,2026-08-06,0.01259613,680
1452,2026-08-06,0.012580872,681
9911,2026-08-06,0.012382507,682
6576,2026-08-06,0.012306213,683
4924,2026-08-06,0.012283325,684
3465,2026-08-06,0.012184143,685
6158,2026-08-06,0.01210022,686
6997,2026-08-06,0.01209259,687
5276,2026-08-06,0.012008667,688
3017,2026-08-06,0.011962891,689
1806,2026-08-06,0.011932373,690
3259,2026-08-06,0.011779785,691
3705,2026-08-06,0.011764526,692
2740,2026-08-06,0.011672974,693
6952,2026-08-06,0.011642456,694
9910,2026-08-06,0.0116119385,695
2646,2026-08-06,0.011604309,696
6684,2026-08-06,0.011482239,697
2609,2026-08-06,0.011306763,698
4549,2026-08-06,0.011070251,699
3311,2026-08-06,0.010902405,700
2034,2026-08-06,0.0107803345,701
2535,2026-08-06,0.010643005,702
4967,2026-08-06,0.010635376,703
1539,2026-08-06,0.010551453,704
4588,2026-08-06,0.010543823,705
4530,2026-08-06,0.010536194,706
5876,2026-08-06,0.010528564,707
6144,2026-08-06,0.010414124,708
1454,2026-08-06,0.010414124,709
2736,2026-08-06,0.010322571,710
5487,2026-08-06,0.010284424,711
2884,2026-08-06,0.010139465,712
2101,2026-08-06,0.009902954,713
1503,2026-08-06,0.00983429,714
2025,2026-08-06,0.009735107,715
2887,2026-08-06,0.00970459,716
3501,2026-08-06,0.009635925,717
2382,2026-08-06,0.0095825195,718
6143,2026-08-06,0.009475708,719
9949,2026-08-06,0.009475708,720
8047,2026-08-06,0.009208679,721
8011,2026-08-06,0.00919342,722
4806,2026-08-06,0.009155273,723
3073,2026-08-06,0.009147644,724
9946,2026-08-06,0.009140015,725
1216,2026-08-06,0.009086609,726
2538,2026-08-06,0.008972168,727
3169,2026-08-06,0.008972168,728
2029,2026-08-06,0.00894165,729
1813,2026-08-06,0.008934021,730
6160,2026-08-06,0.008842468,731
2754,2026-08-06,0.008682251,732
1295,2026-08-06,0.008529663,733
3665,2026-08-06,0.00844574,734
1439,2026-08-06,0.008361816,735
6184,2026-08-06,0.007987976,736
2524,2026-08-06,0.00793457,737
6569,2026-08-06,0.0079193115,738
2908,2026-08-06,0.007888794,739
2007,2026-08-06,0.007850647,740
2718,2026-08-06,0.0077438354,741
1776,2026-08-06,0.007724762,742
8016,2026-08-06,0.0076942444,743
6227,2026-08-06,0.007633209,744
1618,2026-08-06,0.0076179504,745
2349,2026-08-06,0.007396698,746
6616,2026-08-06,0.0073776245,747
1418,2026-08-06,0.007347107,748
1786,2026-08-06,0.007232666,749
3669,2026-08-06,0.007091522,750
2947,2026-08-06,0.007068634,751
6916,2026-08-06,0.0070381165,752
8249,2026-08-06,0.0068969727,753
3432,2026-08-06,0.006877899,754
3716,2026-08-06,0.006790161,755
8403,2026-08-06,0.00674057,756
5607,2026-08-06,0.006729126,757
6469,2026-08-06,0.0064468384,758
5460,2026-08-06,0.0062179565,759
8067,2026-08-06,0.0061073303,760
6689,2026-08-06,0.0060806274,761
1319,2026-08-06,0.0059776306,762
2926,2026-08-06,0.0059547424,763
8466,2026-08-06,0.005947113,764
6577,2026-08-06,0.0058059692,765
1516,2026-08-06,0.0057029724,766
4109,2026-08-06,0.0056533813,767
3529,2026-08-06,0.0055618286,768
3058,2026-08-06,0.005558014,769
6005,2026-08-06,0.005458832,770
6156,2026-08-06,0.005428314,771
6908,2026-08-06,0.00541687,772
2063,2026-08-06,0.0052337646,773
6140,2026-08-06,0.005050659,774
1341,2026-08-06,0.0049209595,775
8201,2026-08-06,0.004875183,776
6104,2026-08-06,0.004764557,777
1742,2026-08-06,0.0046958923,778
9943,2026-08-06,0.0045433044,779
6126,2026-08-06,0.004535675,780
2454,2026-08-06,0.004508972,781
6494,2026-08-06,0.00447464,782
1321,2026-08-06,0.004463196,783
1468,2026-08-06,0.004432678,784
4414,2026-08-06,0.0043640137,785
8924,2026-08-06,0.004322052,786
5516,2026-08-06,0.0042915344,787
6931,2026-08-06,0.0042686462,788
6498,2026-08-06,0.0042152405,789
6811,2026-08-06,0.0040664673,790
4102,2026-08-06,0.004009247,791
6962,2026-08-06,0.0040016174,792
2383,2026-08-06,0.003967285,793
6807,2026-08-06,0.0039253235,794
6176,2026-08-06,0.0038909912,795
4402,2026-08-06,0.003835678,796
9938,2026-08-06,0.0037403107,797
6020,2026-08-06,0.0037403107,798
7556,2026-08-06,0.0036830902,799
2356,2026-08-06,0.0035972595,800
3522,2026-08-06,0.0035629272,801
4108,2026-08-06,0.003501892,802
5299,2026-08-06,0.003414154,803
6615,2026-08-06,0.0033798218,804
1722,2026-08-06,0.0033130646,805
3232,2026-08-06,0.0031871796,806
6237,2026-08-06,0.003168106,807
2923,2026-08-06,0.0031604767,808
6509,2026-08-06,0.0031089783,809
4166,2026-08-06,0.0031032562,810
3531,2026-08-06,0.0030212402,811
4569,2026-08-06,0.0028476715,812
6863,2026-08-06,0.0026950836,813
6235,2026-08-06,0.002691269,814
5601,2026-08-06,0.002670288,815
2743,2026-08-06,0.002658844,816
3533,2026-08-06,0.0026073456,817
1530,2026-08-06,0.0026054382,818
5905,2026-08-06,0.0025844574,819
3191,2026-08-06,0.0024089813,820
2380,2026-08-06,0.0023784637,821
2618,2026-08-06,0.0023593903,822
2534,2026-08-06,0.0023326874,823
8488,2026-08-06,0.0023117065,824
6246,2026-08-06,0.0022239685,825
4167,2026-08-06,0.0022144318,826
6667,2026-08-06,0.0020523071,827
4164,2026-08-06,0.0020332336,828
8477,2026-08-06,0.0020313263,829
6015,2026-08-06,0.0019989014,830
6994,2026-08-06,0.0019950867,831
6122,2026-08-06,0.0019340515,832
4763,2026-08-06,0.001917839,833
8163,2026-08-06,0.001821518,834
2492,2026-08-06,0.0017557144,835
2248,2026-08-06,0.0016641617,836
6574,2026-08-06,0.0015335083,837
6277,2026-08-06,0.0015087128,838
1570,2026-08-06,0.0013427734,839
4958,2026-08-06,0.0013360977,840
1707,2026-08-06,0.0013141632,841
3557,2026-08-06,0.0011663437,842
7734,2026-08-06,0.0011291504,843
2345,2026-08-06,0.0011110306,844
4137,2026-08-06,0.0008764267,845
2431,2026-08-06,0.0008430481,846
2883,2026-08-06,0.0007696152,847
6925,2026-08-06,0.00053596497,848
8085,2026-08-06,0.00027036667,849
5301,2026-08-06,0.00022935867,850
6228,2026-08-06,0.00020897388,851
9914,2026-08-06,0.00019538403,852
2028,2026-08-06,0.00017786026,853
5603,2026-08-06,0.00010037422,854
3484,2026-08-06,-9.715557e-06,855
8906,2026-08-06,-2.783537e-05,856
3308,2026-08-06,-4.976988e-05,857
5512,2026-08-06,-0.0003466606,858
1532,2026-08-06,-0.00038027763,859
6283,2026-08-06,-0.00055217743,860
2642,2026-08-06,-0.000600338,861
6276,2026-08-06,-0.00078725815,862
6470,2026-08-06,-0.0008249283,863
3530,2026-08-06,-0.0009279251,864
3027,2026-08-06,-0.0009765625,865
8107,2026-08-06,-0.0011453629,866
4911,2026-08-06,-0.001162529,867
6515,2026-08-06,-0.0013055801,868
2440,2026-08-06,-0.0014123917,869
2438,2026-08-06,-0.0014743805,870
4162,2026-08-06,-0.0014781952,871
4129,2026-08-06,-0.0015659332,872
6692,2026-08-06,-0.0015830994,873
6869,2026-08-06,-0.0016412735,874
1336,2026-08-06,-0.0016622543,875
5906,2026-08-06,-0.0017795563,876
1623,2026-08-06,-0.001789093,877
8411,2026-08-06,-0.001830101,878
1435,2026-08-06,-0.0018472672,879
5493,2026-08-06,-0.0018548965,880
3558,2026-08-06,-0.0018787384,881
5474,2026-08-06,-0.0019760132,882
8450,2026-08-06,-0.0019989014,883
4529,2026-08-06,-0.0020313263,884
4999,2026-08-06,-0.0020389557,885
2419,2026-08-06,-0.002210617,886
2460,2026-08-06,-0.0022563934,887
4930,2026-08-06,-0.002286911,888
8935,2026-08-06,-0.0023937225,889
3515,2026-08-06,-0.002603531,890
2031,2026-08-06,-0.0026779175,891
4442,2026-08-06,-0.0027389526,892
2702,2026-08-06,-0.0027427673,893
3050,2026-08-06,-0.0028514862,894
6582,2026-08-06,-0.0029335022,895
2105,2026-08-06,-0.0030059814,896
2357,2026-08-06,-0.003025055,897
2022,2026-08-06,-0.0031871796,898
3380,2026-08-06,-0.0032043457,899
6423,2026-08-06,-0.0032520294,900
6923,2026-08-06,-0.003358841,901
3631,2026-08-06,-0.0035324097,902
8426,2026-08-06,-0.0036792755,903
1229,2026-08-06,-0.0038375854,904
4552,2026-08-06,-0.003868103,905
1101,2026-08-06,-0.003944397,906
2929,2026-08-06,-0.0039711,907
2611,2026-08-06,-0.004005432,908
1795,2026-08-06,-0.0040245056,909
2712,2026-08-06,-0.004142761,910
1587,2026-08-06,-0.0041618347,911
2722,2026-08-06,-0.0041618347,912
2726,2026-08-06,-0.0041770935,913
2444,2026-08-06,-0.0042533875,914
7769,2026-08-06,-0.004299164,915
3152,2026-08-06,-0.004306793,916
3325,2026-08-06,-0.0044136047,917
6603,2026-08-06,-0.004436493,918
2393,2026-08-06,-0.004890442,919
3122,2026-08-06,-0.0049057007,920
3588,2026-08-06,-0.0049591064,921
5355,2026-08-06,-0.0049819946,922
9906,2026-08-06,-0.0051002502,923
9924,2026-08-06,-0.005104065,924
6199,2026-08-06,-0.0051612854,925
1218,2026-08-06,-0.0054779053,926
6887,2026-08-06,-0.0055122375,927
2430,2026-08-06,-0.005531311,928
7721,2026-08-06,-0.0055351257,929
3494,2026-08-06,-0.0056037903,930
3349,2026-08-06,-0.005680084,931
2014,2026-08-06,-0.0058135986,932
6214,2026-08-06,-0.005908966,933
4744,2026-08-06,-0.00598526,934
6796,2026-08-06,-0.0060195923,935
1301,2026-08-06,-0.006095886,936
8102,2026-08-06,-0.0062828064,937
6241,2026-08-06,-0.006290436,938
7750,2026-08-06,-0.0063934326,939
1586,2026-08-06,-0.006416321,940
5546,2026-08-06,-0.0064430237,941
3021,2026-08-06,-0.006462097,942
4419,2026-08-06,-0.006515503,943
6902,2026-08-06,-0.0065727234,944
6756,2026-08-06,-0.006576538,945
3313,2026-08-06,-0.0065994263,946
1519,2026-08-06,-0.006603241,947
2327,2026-08-06,-0.0066223145,948
5706,2026-08-06,-0.00674057,949
6840,2026-08-06,-0.0068626404,950
8093,2026-08-06,-0.0068626404,951
1762,2026-08-06,-0.0068969727,952
1213,2026-08-06,-0.0069999695,953
4304,2026-08-06,-0.0070495605,954
8066,2026-08-06,-0.0070495605,955
4406,2026-08-06,-0.0070495605,956
5274,2026-08-06,-0.0070610046,957
6804,2026-08-06,-0.0071525574,958
2939,2026-08-06,-0.007156372,959
9902,2026-08-06,-0.0073394775,960
6504,2026-08-06,-0.007419586,961
4113,2026-08-06,-0.0074272156,962
5347,2026-08-06,-0.00749588,963
6965,2026-08-06,-0.0076026917,964
2404,2026-08-06,-0.0076065063,965
5258,2026-08-06,-0.0076675415,966
6894,2026-08-06,-0.007675171,967
2603,2026-08-06,-0.007713318,968
1909,2026-08-06,-0.007797241,969
3541,2026-08-06,-0.0078125,970
2390,2026-08-06,-0.007896423,971
2616,2026-08-06,-0.008033752,972
5701,2026-08-06,-0.008163452,973
2882,2026-08-06,-0.00818634,974
2415,2026-08-06,-0.008270264,975
2417,2026-08-06,-0.008285522,976
4533,2026-08-06,-0.008338928,977
2392,2026-08-06,-0.008361816,978
8404,2026-08-06,-0.008369446,979
3499,2026-08-06,-0.008369446,980
1219,2026-08-06,-0.008377075,981
6021,2026-08-06,-0.008384705,982
1444,2026-08-06,-0.008506775,983
8109,2026-08-06,-0.008621216,984
1784,2026-08-06,-0.008659363,985
5269,2026-08-06,-0.008682251,986
2912,2026-08-06,-0.008728027,987
4545,2026-08-06,-0.008964539,988
3051,2026-08-06,-0.009094238,989
6649,2026-08-06,-0.009124756,990
3709,2026-08-06,-0.00919342,991
4119,2026-08-06,-0.009262085,992
6142,2026-08-06,-0.009277344,993
8213,2026-08-06,-0.009300232,994
2364,2026-08-06,-0.009399414,995
2258,2026-08-06,-0.009437561,996
6578,2026-08-06,-0.009513855,997
8097,2026-08-06,-0.009735107,998
4543,2026-08-06,-0.00983429,999
6805,2026-08-06,-0.009994507,1000
6117,2026-08-06,-0.010108948,1001
5205,2026-08-06,-0.010276794,1002
2613,2026-08-06,-0.01033783,1003
1225,2026-08-06,-0.01033783,1004
3443,2026-08-06,-0.010375977,1005
4952,2026-08-06,-0.010475159,1006
6150,2026-08-06,-0.0104904175,1007
4121,2026-08-06,-0.010498047,1008
6492,2026-08-06,-0.010528564,1009
8101,2026-08-06,-0.010688782,1010
8436,2026-08-06,-0.010803223,1011
3372,2026-08-06,-0.010810852,1012
3520,2026-08-06,-0.010864258,1013
8021,2026-08-06,-0.010955811,1014
8489,2026-08-06,-0.010978699,1015
3131,2026-08-06,-0.011009216,1016
6733,2026-08-06,-0.01108551,1017
6415,2026-08-06,-0.0113220215,1018
9907,2026-08-06,-0.011413574,1019
8455,2026-08-06,-0.011558533,1020
1324,2026-08-06,-0.01159668,1021
6133,2026-08-06,-0.011604309,1022
6597,2026-08-06,-0.011734009,1023
3388,2026-08-06,-0.011817932,1024
3623,2026-08-06,-0.012107849,1025
8905,2026-08-06,-0.012168884,1026
7584,2026-08-06,-0.012184143,1027
1796,2026-08-06,-0.012191772,1028
7780,2026-08-06,-0.012245178,1029
4934,2026-08-06,-0.012298584,1030
2324,2026-08-06,-0.012542725,1031
3008,2026-08-06,-0.012611389,1032
6223,2026-08-06,-0.0126953125,1033
4416,2026-08-06,-0.012825012,1034
3031,2026-08-06,-0.012901306,1035
1723,2026-08-06,-0.0129776,1036
7704,2026-08-06,-0.013023376,1037
5014,2026-08-06,-0.01309967,1038
2734,2026-08-06,-0.013122559,1039
8070,2026-08-06,-0.013175964,1040
1789,2026-08-06,-0.013336182,1041
6794,2026-08-06,-0.013412476,1042
4766,2026-08-06,-0.013427734,1043
8499,2026-08-06,-0.013450623,1044
3416,2026-08-06,-0.013519287,1045
1590,2026-08-06,-0.0135650635,1046
6838,2026-08-06,-0.013572693,1047
8390,2026-08-06,-0.013671875,1048
4133,2026-08-06,-0.01373291,1049
3466,2026-08-06,-0.013900757,1050
6245,2026-08-06,-0.013946533,1051
5468,2026-08-06,-0.013954163,1052
5907,2026-08-06,-0.014060974,1053
5013,2026-08-06,-0.014091492,1054
4720,2026-08-06,-0.014183044,1055
1708,2026-08-06,-0.014282227,1056
7749,2026-08-06,-0.014442444,1057
5489,2026-08-06,-0.014549255,1058
4551,2026-08-06,-0.014595032,1059
5469,2026-08-06,-0.014656067,1060
8081,2026-08-06,-0.014709473,1061
5536,2026-08-06,-0.014778137,1062
2881,2026-08-06,-0.014793396,1063
1456,2026-08-06,-0.014801025,1064
2478,2026-08-06,-0.01486969,1065
4413,2026-08-06,-0.014877319,1066
8092,2026-08-06,-0.0149002075,1067
3011,2026-08-06,-0.014930725,1068
5210,2026-08-06,-0.015014648,1069
1449,2026-08-06,-0.015083313,1070
1904,2026-08-06,-0.015159607,1071
6461,2026-08-06,-0.01524353,1072
4192,2026-08-06,-0.015319824,1073
6112,2026-08-06,-0.015350342,1074
2610,2026-08-06,-0.015350342,1075
4905,2026-08-06,-0.015365601,1076
1413,2026-08-06,-0.015541077,1077
2756,2026-08-06,-0.015617371,1078
3029,2026-08-06,-0.015655518,1079
5530,2026-08-06,-0.015838623,1080
4160,2026-08-06,-0.0158844,1081
3653,2026-08-06,-0.015930176,1082
2067,2026-08-06,-0.016174316,1083
5457,2026-08-06,-0.016174316,1084
6589,2026-08-06,-0.01638794,1085
1568,2026-08-06,-0.016433716,1086
2033,2026-08-06,-0.01651001,1087
2360,2026-08-06,-0.01651001,1088
8454,2026-08-06,-0.016540527,1089
8044,2026-08-06,-0.016616821,1090
4503,2026-08-06,-0.016799927,1091
5211,2026-08-06,-0.016906738,1092
3489,2026-08-06,-0.016952515,1093
3047,2026-08-06,-0.017028809,1094
6841,2026-08-06,-0.017196655,1095
2429,2026-08-06,-0.017288208,1096
6275,2026-08-06,-0.01737976,1097
6274,2026-08-06,-0.017456055,1098
5608,2026-08-06,-0.017471313,1099
3037,2026-08-06,-0.017532349,1100
1235,2026-08-06,-0.017578125,1101
4128,2026-08-06,-0.017608643,1102
6101,2026-08-06,-0.0181427,1103
1609,2026-08-06,-0.018417358,1104
3015,2026-08-06,-0.018447876,1105
5306,2026-08-06,-0.018539429,1106
3511,2026-08-06,-0.018569946,1107
3687,2026-08-06,-0.018615723,1108
6906,2026-08-06,-0.018661499,1109
6510,2026-08-06,-0.018737793,1110
6767,2026-08-06,-0.018737793,1111
6614,2026-08-06,-0.018737793,1112
1326,2026-08-06,-0.018844604,1113
1414,2026-08-06,-0.01890564,1114
2201,2026-08-06,-0.018981934,1115
1721,2026-08-06,-0.01902771,1116
5398,2026-08-06,-0.019241333,1117
3556,2026-08-06,-0.019256592,1118
6552,2026-08-06,-0.019302368,1119
3105,2026-08-06,-0.01940918,1120
6924,2026-08-06,-0.019470215,1121
3710,2026-08-06,-0.019622803,1122
1342,2026-08-06,-0.01965332,1123
2472,2026-08-06,-0.019699097,1124
6674,2026-08-06,-0.019714355,1125
3002,2026-08-06,-0.019821167,1126
4426,2026-08-06,-0.019836426,1127
5223,2026-08-06,-0.019836426,1128
3666,2026-08-06,-0.019882202,1129
6885,2026-08-06,-0.019973755,1130
1340,2026-08-06,-0.020065308,1131
8929,2026-08-06,-0.020080566,1132
1441,2026-08-06,-0.020095825,1133
6118,2026-08-06,-0.020111084,1134
7723,2026-08-06,-0.020126343,1135
6488,2026-08-06,-0.020217896,1136
2395,2026-08-06,-0.020217896,1137
3224,2026-08-06,-0.020233154,1138
2059,2026-08-06,-0.020324707,1139
2254,2026-08-06,-0.02041626,1140
6272,2026-08-06,-0.020446777,1141
2723,2026-08-06,-0.020645142,1142
3189,2026-08-06,-0.020767212,1143
3276,2026-08-06,-0.020812988,1144
3390,2026-08-06,-0.020874023,1145
3661,2026-08-06,-0.020904541,1146
8024,2026-08-06,-0.021026611,1147
3354,2026-08-06,-0.02104187,1148
5521,2026-08-06,-0.021224976,1149
8089,2026-08-06,-0.021240234,1150
1440,2026-08-06,-0.021270752,1151
3373,2026-08-06,-0.02128601,1152
3019,2026-08-06,-0.021362305,1153
5351,2026-08-06,-0.02142334,1154
1626,2026-08-06,-0.021560669,1155
8069,2026-08-06,-0.021621704,1156
6642,2026-08-06,-0.021713257,1157
3209,2026-08-06,-0.021881104,1158
1718,2026-08-06,-0.02192688,1159
2239,2026-08-06,-0.02192688,1160
6620,2026-08-06,-0.022003174,1161
6872,2026-08-06,-0.022094727,1162
6169,2026-08-06,-0.022140503,1163
6164,2026-08-06,-0.022247314,1164
3593,2026-08-06,-0.022247314,1165
3207,2026-08-06,-0.02230835,1166
8467,2026-08-06,-0.022384644,1167
6259,2026-08-06,-0.022735596,1168
4714,2026-08-06,-0.022766113,1169
3360,2026-08-06,-0.022781372,1170
6669,2026-08-06,-0.022781372,1171
6446,2026-08-06,-0.02279663,1172
5381,2026-08-06,-0.022872925,1173
1529,2026-08-06,-0.022888184,1174
6292,2026-08-06,-0.022979736,1175
5263,2026-08-06,-0.022979736,1176
8121,2026-08-06,-0.02305603,1177
8440,2026-08-06,-0.02330017,1178
5425,2026-08-06,-0.023513794,1179
6129,2026-08-06,-0.023605347,1180
5490,2026-08-06,-0.02381897,1181
8059,2026-08-06,-0.023849487,1182
6180,2026-08-06,-0.023849487,1183
2483,2026-08-06,-0.024139404,1184
6679,2026-08-06,-0.024139404,1185
4729,2026-08-06,-0.02418518,1186
1314,2026-08-06,-0.02432251,1187
3518,2026-08-06,-0.024429321,1188
4155,2026-08-06,-0.024551392,1189
5388,2026-08-06,-0.02456665,1190
2301,2026-08-06,-0.024612427,1191
2530,2026-08-06,-0.024627686,1192
8240,2026-08-06,-0.024627686,1193
6570,2026-08-06,-0.024642944,1194
9958,2026-08-06,-0.02468872,1195
2601,2026-08-06,-0.024734497,1196
3260,2026-08-06,-0.024780273,1197
3717,2026-08-06,-0.02482605,1198
1410,2026-08-06,-0.024856567,1199
3576,2026-08-06,-0.024902344,1200
2911,2026-08-06,-0.024978638,1201
2250,2026-08-06,-0.02508545,1202
6593,2026-08-06,-0.025177002,1203
6409,2026-08-06,-0.02519226,1204
3252,2026-08-06,-0.02519226,1205
2352,2026-08-06,-0.025390625,1206
8255,2026-08-06,-0.025466919,1207
3686,2026-08-06,-0.02557373,1208
4726,2026-08-06,-0.025604248,1209
2351,2026-08-06,-0.025604248,1210
3092,2026-08-06,-0.025619507,1211
2305,2026-08-06,-0.025680542,1212
6712,2026-08-06,-0.0256958,1213
2027,2026-08-06,-0.025726318,1214
8210,2026-08-06,-0.02583313,1215
2363,2026-08-06,-0.025909424,1216
2910,2026-08-06,-0.026031494,1217
4168,2026-08-06,-0.026046753,1218
3006,2026-08-06,-0.026153564,1219
6418,2026-08-06,-0.02619934,1220
4807,2026-08-06,-0.026260376,1221
6220,2026-08-06,-0.026290894,1222
2009,2026-08-06,-0.026351929,1223
6196,2026-08-06,-0.026367188,1224
2545,2026-08-06,-0.026794434,1225
4563,2026-08-06,-0.026916504,1226
3205,2026-08-06,-0.027069092,1227
3673,2026-08-06,-0.027160645,1228
8940,2026-08-06,-0.02722168,1229
4157,2026-08-06,-0.027313232,1230
2605,2026-08-06,-0.027374268,1231
7751,2026-08-06,-0.027420044,1232
6147,2026-08-06,-0.027420044,1233
2064,2026-08-06,-0.027496338,1234
2451,2026-08-06,-0.027542114,1235
6124,2026-08-06,-0.028045654,1236
3054,2026-08-06,-0.028121948,1237
1409,2026-08-06,-0.028167725,1238
6928,2026-08-06,-0.02822876,1239
2482,2026-08-06,-0.028244019,1240
3630,2026-08-06,-0.028396606,1241
2303,2026-08-06,-0.0284729,1242
6505,2026-08-06,-0.028518677,1243
1815,2026-08-06,-0.02861023,1244
3481,2026-08-06,-0.028656006,1245
6425,2026-08-06,-0.0287323,1246
2615,2026-08-06,-0.028930664,1247
6465,2026-08-06,-0.028930664,1248
6875,2026-08-06,-0.028961182,1249
6895,2026-08-06,-0.02897644,1250
2313,2026-08-06,-0.02909851,1251
3521,2026-08-06,-0.029281616,1252
2236,2026-08-06,-0.029312134,1253
2515,2026-08-06,-0.029418945,1254
2428,2026-08-06,-0.029449463,1255
9919,2026-08-06,-0.02949524,1256
6224,2026-08-06,-0.02949524,1257
2243,2026-08-06,-0.029541016,1258
6573,2026-08-06,-0.029586792,1259
3043,2026-08-06,-0.029708862,1260
6683,2026-08-06,-0.029953003,1261
3272,2026-08-06,-0.02998352,1262
1522,2026-08-06,-0.030014038,1263
6781,2026-08-06,-0.030151367,1264
3672,2026-08-06,-0.030334473,1265
5481,2026-08-06,-0.030456543,1266
1903,2026-08-06,-0.030517578,1267
8429,2026-08-06,-0.030700684,1268
2409,2026-08-06,-0.03074646,1269
2023,2026-08-06,-0.030761719,1270
2514,2026-08-06,-0.031051636,1271
9933,2026-08-06,-0.031143188,1272
2476,2026-08-06,-0.031173706,1273
2405,2026-08-06,-0.031219482,1274
4770,2026-08-06,-0.031433105,1275
1533,2026-08-06,-0.031585693,1276
3625,2026-08-06,-0.03164673,1277
4139,2026-08-06,-0.031707764,1278
8261,2026-08-06,-0.03189087,1279
6957,2026-08-06,-0.03189087,1280
5310,2026-08-06,-0.031921387,1281
6919,2026-08-06,-0.031982422,1282
6953,2026-08-06,-0.032104492,1283
8473,2026-08-06,-0.032226562,1284
2439,2026-08-06,-0.032318115,1285
2348,2026-08-06,-0.032318115,1286
3483,2026-08-06,-0.032318115,1287
3290,2026-08-06,-0.03237915,1288
7822,2026-08-06,-0.032409668,1289
3162,2026-08-06,-0.03250122,1290
5452,2026-08-06,-0.03262329,1291
7740,2026-08-06,-0.032806396,1292
3447,2026-08-06,-0.03289795,1293
1316,2026-08-06,-0.03302002,1294
3229,2026-08-06,-0.033050537,1295
5483,2026-08-06,-0.033111572,1296
1717,2026-08-06,-0.033172607,1297
6585,2026-08-06,-0.033233643,1298
2474,2026-08-06,-0.03338623,1299
8068,2026-08-06,-0.03353882,1300
7744,2026-08-06,-0.03353882,1301
3406,2026-08-06,-0.033599854,1302
6103,2026-08-06,-0.033721924,1303
6270,2026-08-06,-0.033813477,1304
4912,2026-08-06,-0.033843994,1305
8105,2026-08-06,-0.03387451,1306
3049,2026-08-06,-0.03390503,1307
8937,2026-08-06,-0.034240723,1308
6788,2026-08-06,-0.034301758,1309
3030,2026-08-06,-0.034332275,1310
2337,2026-08-06,-0.034454346,1311
3708,2026-08-06,-0.0345459,1312
6770,2026-08-06,-0.034576416,1313
6284,2026-08-06,-0.034729004,1314
2002,2026-08-06,-0.03475952,1315
5439,2026-08-06,-0.034942627,1316
3324,2026-08-06,-0.035003662,1317
5202,2026-08-06,-0.035064697,1318
5289,2026-08-06,-0.035125732,1319
3231,2026-08-06,-0.035186768,1320
4741,2026-08-06,-0.035308838,1321
8150,2026-08-06,-0.035308838,1322
4737,2026-08-06,-0.035369873,1323
7810,2026-08-06,-0.03540039,1324
6691,2026-08-06,-0.03540039,1325
6821,2026-08-06,-0.035614014,1326
1434,2026-08-06,-0.03564453,1327
5234,2026-08-06,-0.035736084,1328
6271,2026-08-06,-0.03579712,1329
3632,2026-08-06,-0.035827637,1330
7547,2026-08-06,-0.035888672,1331
6108,2026-08-06,-0.035980225,1332
6435,2026-08-06,-0.036010742,1333
3176,2026-08-06,-0.03604126,1334
6645,2026-08-06,-0.0362854,1335
1514,2026-08-06,-0.036315918,1336
6768,2026-08-06,-0.03652954,1337
1563,2026-08-06,-0.03656006,1338
3296,2026-08-06,-0.036590576,1339
2375,2026-08-06,-0.03668213,1340
6742,2026-08-06,-0.03668213,1341
6234,2026-08-06,-0.036743164,1342
5251,2026-08-06,-0.0368042,1343
6550,2026-08-06,-0.036895752,1344
7711,2026-08-06,-0.036987305,1345
3322,2026-08-06,-0.037139893,1346
6719,2026-08-06,-0.03717041,1347
2724,2026-08-06,-0.03729248,1348
8054,2026-08-06,-0.037475586,1349
3444,2026-08-06,-0.037628174,1350
1455,2026-08-06,-0.03765869,1351
6496,2026-08-06,-0.037872314,1352
6785,2026-08-06,-0.037872314,1353
6213,2026-08-06,-0.038330078,1354
8038,2026-08-06,-0.038604736,1355
8182,2026-08-06,-0.038635254,1356
3081,2026-08-06,-0.038726807,1357
8421,2026-08-06,-0.038757324,1358
2913,2026-08-06,-0.03878784,1359
6922,2026-08-06,-0.03933716,1360
2344,2026-08-06,-0.039520264,1361
6120,2026-08-06,-0.039520264,1362
6499,2026-08-06,-0.0395813,1363
6290,2026-08-06,-0.039642334,1364
8114,2026-08-06,-0.03970337,1365
8299,2026-08-06,-0.03970337,1366
5321,2026-08-06,-0.039733887,1367
3284,2026-08-06,-0.039733887,1368
6024,2026-08-06,-0.03982544,1369
6546,2026-08-06,-0.039978027,1370
6205,2026-08-06,-0.040039062,1371
8104,2026-08-06,-0.04043579,1372
8084,2026-08-06,-0.040496826,1373
8472,2026-08-06,-0.040618896,1374
2317,2026-08-06,-0.04067993,1375
1785,2026-08-06,-0.040802002,1376
2719,2026-08-06,-0.04107666,1377
4938,2026-08-06,-0.04107666,1378
1528,2026-08-06,-0.041137695,1379
5222,2026-08-06,-0.041168213,1380
1325,2026-08-06,-0.041229248,1381
3609,2026-08-06,-0.041290283,1382
5328,2026-08-06,-0.04144287,1383
6934,2026-08-06,-0.0418396,1384
2397,2026-08-06,-0.041870117,1385
8933,2026-08-06,-0.041900635,1386
3040,2026-08-06,-0.041900635,1387
2402,2026-08-06,-0.041992188,1388
3228,2026-08-06,-0.042053223,1389
6219,2026-08-06,-0.042175293,1390
3467,2026-08-06,-0.04220581,1391
3294,2026-08-06,-0.04220581,1392
1773,2026-08-06,-0.04232788,1393
3086,2026-08-06,-0.0423584,1394
1337,2026-08-06,-0.04244995,1395
4968,2026-08-06,-0.04248047,1396
2374,2026-08-06,-0.04257202,1397
6174,2026-08-06,-0.04257202,1398
1504,2026-08-06,-0.042663574,1399
6657,2026-08-06,-0.043029785,1400
1591,2026-08-06,-0.04324341,1401
2423,2026-08-06,-0.04336548,1402
6890,2026-08-06,-0.04336548,1403
2331,2026-08-06,-0.043395996,1404
3288,2026-08-06,-0.043395996,1405
1304,2026-08-06,-0.04345703,1406
6138,2026-08-06,-0.04348755,1407
4721,2026-08-06,-0.043518066,1408
7715,2026-08-06,-0.04373169,1409
8271,2026-08-06,-0.043884277,1410
3545,2026-08-06,-0.043945312,1411
3508,2026-08-06,-0.044006348,1412
2388,2026-08-06,-0.044067383,1413
3041,2026-08-06,-0.0440979,1414
6182,2026-08-06,-0.044433594,1415
4583,2026-08-06,-0.044525146,1416
6451,2026-08-06,-0.044555664,1417
1466,2026-08-06,-0.04458618,1418
2527,2026-08-06,-0.044921875,1419
8171,2026-08-06,-0.045043945,1420
8215,2026-08-06,-0.045196533,1421
6525,2026-08-06,-0.04525757,1422
4943,2026-08-06,-0.045562744,1423
2481,2026-08-06,-0.04559326,1424
6609,2026-08-06,-0.045654297,1425
2464,2026-08-06,-0.045776367,1426
3066,2026-08-06,-0.04598999,1427
2323,2026-08-06,-0.046173096,1428
3537,2026-08-06,-0.046295166,1429
8996,2026-08-06,-0.04660034,1430
3663,2026-08-06,-0.046661377,1431
2353,2026-08-06,-0.046691895,1432
6442,2026-08-06,-0.047027588,1433
1584,2026-08-06,-0.047424316,1434
7610,2026-08-06,-0.047454834,1435
8045,2026-08-06,-0.04788208,1436
2485,2026-08-06,-0.048034668,1437
3528,2026-08-06,-0.048034668,1438
2314,2026-08-06,-0.048065186,1439
6016,2026-08-06,-0.048431396,1440
2332,2026-08-06,-0.048553467,1441
4171,2026-08-06,-0.048553467,1442
8039,2026-08-06,-0.048706055,1443
6668,2026-08-06,-0.04876709,1444
6462,2026-08-06,-0.049041748,1445
8358,2026-08-06,-0.049072266,1446
4174,2026-08-06,-0.04916382,1447
6209,2026-08-06,-0.049316406,1448
2468,2026-08-06,-0.049346924,1449
3712,2026-08-06,-0.04953003,1450
2376,2026-08-06,-0.04953003,1451
1735,2026-08-06,-0.049682617,1452
3715,2026-08-06,-0.04977417,1453
3059,2026-08-06,-0.04977417,1454
6640,2026-08-06,-0.049865723,1455
5245,2026-08-06,-0.04989624,1456
1215,2026-08-06,-0.04989624,1457
4147,2026-08-06,-0.049957275,1458
5386,2026-08-06,-0.050048828,1459
6197,2026-08-06,-0.050048828,1460
3042,2026-08-06,-0.050201416,1461
2497,2026-08-06,-0.05026245,1462
2312,2026-08-06,-0.05038452,1463
6130,2026-08-06,-0.05041504,1464
3297,2026-08-06,-0.05050659,1465
8227,2026-08-06,-0.050628662,1466
9802,2026-08-06,-0.05078125,1467
6695,2026-08-06,-0.050994873,1468
3346,2026-08-06,-0.05105591,1469
3135,2026-08-06,-0.051116943,1470
6664,2026-08-06,-0.051208496,1471
6191,2026-08-06,-0.05130005,1472
2424,2026-08-06,-0.051330566,1473
4571,2026-08-06,-0.051483154,1474
4966,2026-08-06,-0.051574707,1475
4178,2026-08-06,-0.051605225,1476
2049,2026-08-06,-0.051605225,1477
1231,2026-08-06,-0.0519104,1478
6654,2026-08-06,-0.051940918,1479
3605,2026-08-06,-0.05203247,1480
3437,2026-08-06,-0.05203247,1481
5284,2026-08-06,-0.05203247,1482
5292,2026-08-06,-0.05206299,1483
8289,2026-08-06,-0.05218506,1484
2645,2026-08-06,-0.0524292,1485
6175,2026-08-06,-0.052490234,1486
1799,2026-08-06,-0.05255127,1487
2489,2026-08-06,-0.052581787,1488
7828,2026-08-06,-0.052612305,1489
6239,2026-08-06,-0.052642822,1490
1308,2026-08-06,-0.05267334,1491
5434,2026-08-06,-0.052764893,1492
5450,2026-08-06,-0.05279541,1493
2425,2026-08-06,-0.052886963,1494
4526,2026-08-06,-0.052886963,1495
1582,2026-08-06,-0.052978516,1496
4745,2026-08-06,-0.05319214,1497
2543,2026-08-06,-0.053222656,1498
5432,2026-08-06,-0.05328369,1499
5475,2026-08-06,-0.05340576,1500
3090,2026-08-06,-0.053466797,1501
2408,2026-08-06,-0.053588867,1502
4127,2026-08-06,-0.053619385,1503
6541,2026-08-06,-0.053863525,1504
6861,2026-08-06,-0.05392456,1505
3363,2026-08-06,-0.053955078,1506
6531,2026-08-06,-0.054016113,1507
6732,2026-08-06,-0.0541687,1508
5484,2026-08-06,-0.05419922,1509
6244,2026-08-06,-0.054229736,1510
8926,2026-08-06,-0.054473877,1511
6261,2026-08-06,-0.054473877,1512
3645,2026-08-06,-0.054504395,1513
8050,2026-08-06,-0.05456543,1514
3095,2026-08-06,-0.054626465,1515
3563,2026-08-06,-0.054626465,1516
6417,2026-08-06,-0.054656982,1517
3490,2026-08-06,-0.054656982,1518
3491,2026-08-06,-0.054748535,1519
3362,2026-08-06,-0.054840088,1520
8147,2026-08-06,-0.054901123,1521
6231,2026-08-06,-0.05496216,1522
3138,2026-08-06,-0.05505371,1523
6698,2026-08-06,-0.05517578,1524
8071,2026-08-06,-0.05517578,1525
2486,2026-08-06,-0.055664062,1526
6134,2026-08-06,-0.055755615,1527
1605,2026-08-06,-0.055877686,1528
4142,2026-08-06,-0.05593872,1529
6161,2026-08-06,-0.05596924,1530
2355,2026-08-06,-0.05645752,1531
2449,2026-08-06,-0.05670166,1532
8040,2026-08-06,-0.05670166,1533
6206,2026-08-06,-0.056762695,1534
3615,2026-08-06,-0.05682373,1535
6230,2026-08-06,-0.056884766,1536
1309,2026-08-06,-0.056884766,1537
6535,2026-08-06,-0.05709839,1538
6282,2026-08-06,-0.05709839,1539
8422,2026-08-06,-0.057159424,1540
6870,2026-08-06,-0.057281494,1541
6725,2026-08-06,-0.057373047,1542
5227,2026-08-06,-0.057434082,1543
2208,2026-08-06,-0.057434082,1544
1810,2026-08-06,-0.0574646,1545
2484,2026-08-06,-0.057556152,1546
9136,2026-08-06,-0.05758667,1547
3033,2026-08-06,-0.05795288,1548
4979,2026-08-06,-0.05795288,1549
3441,2026-08-06,-0.05807495,1550
6179,2026-08-06,-0.05822754,1551
6163,2026-08-06,-0.058288574,1552
6579,2026-08-06,-0.058288574,1553
5471,2026-08-06,-0.058288574,1554
1560,2026-08-06,-0.058685303,1555
3321,2026-08-06,-0.058807373,1556
3093,2026-08-06,-0.058929443,1557
2457,2026-08-06,-0.059051514,1558
6127,2026-08-06,-0.05911255,1559
8162,2026-08-06,-0.0592041,1560
7722,2026-08-06,-0.059631348,1561
6658,2026-08-06,-0.059631348,1562
3018,2026-08-06,-0.0597229,1563
1447,2026-08-06,-0.059814453,1564
8112,2026-08-06,-0.05999756,1565
3060,2026-08-06,-0.060058594,1566
6187,2026-08-06,-0.060333252,1567
6873,2026-08-06,-0.060394287,1568
6431,2026-08-06,-0.060668945,1569
6584,2026-08-06,-0.060699463,1570
3523,2026-08-06,-0.060913086,1571
4564,2026-08-06,-0.06137085,1572
3685,2026-08-06,-0.061553955,1573
4303,2026-08-06,-0.061584473,1574
6405,2026-08-06,-0.061645508,1575
5345,2026-08-06,-0.06185913,1576
8222,2026-08-06,-0.06185913,1577
6568,2026-08-06,-0.061920166,1578
1608,2026-08-06,-0.06222534,1579
4973,2026-08-06,-0.06237793,1580
2367,2026-08-06,-0.0625,1581
5864,2026-08-06,-0.062561035,1582
3379,2026-08-06,-0.06262207,1583
4772,2026-08-06,-0.06274414,1584
8046,2026-08-06,-0.062805176,1585
7728,2026-08-06,-0.06286621,1586
1710,2026-08-06,-0.06286621,1587
6739,2026-08-06,-0.06317139,1588
3564,2026-08-06,-0.06323242,1589
3591,2026-08-06,-0.06323242,1590
3024,2026-08-06,-0.06341553,1591
2017,2026-08-06,-0.0635376,1592
5243,2026-08-06,-0.0635376,1593
3555,2026-08-06,-0.06365967,1594
6155,2026-08-06,-0.06365967,1595
6526,2026-08-06,-0.0637207,1596
9105,2026-08-06,-0.06378174,1597
4919,2026-08-06,-0.06378174,1598
1714,2026-08-06,-0.06378174,1599
1303,2026-08-06,-0.06402588,1600
2493,2026-08-06,-0.06414795,1601
8042,2026-08-06,-0.06427002,1602
6903,2026-08-06,-0.064331055,1603
1517,2026-08-06,-0.064453125,1604
6680,2026-08-06,-0.064453125,1605
3317,2026-08-06,-0.06451416,1606
3219,2026-08-06,-0.06451416,1607
7712,2026-08-06,-0.06451416,1608
6831,2026-08-06,-0.06512451,1609
5272,2026-08-06,-0.06524658,1610
7730,2026-08-06,-0.06530762,1611
4716,2026-08-06,-0.06542969,1612
1617,2026-08-06,-0.06555176,1613
3062,2026-08-06,-0.0657959,1614
4749,2026-08-06,-0.06591797,1615
5244,2026-08-06,-0.06591797,1616
4960,2026-08-06,-0.06591797,1617
1711,2026-08-06,-0.066589355,1618
7795,2026-08-06,-0.066589355,1619
6285,2026-08-06,-0.066833496,1620
8431,2026-08-06,-0.06695557,1621
9921,2026-08-06,-0.06695557,1622
4989,2026-08-06,-0.06707764,1623
3004,2026-08-06,-0.06750488,1624
4971,2026-08-06,-0.06768799,1625
3689,2026-08-06,-0.06768799,1626
6485,2026-08-06,-0.06774902,1627
2369,2026-08-06,-0.06793213,1628
6125,2026-08-06,-0.067993164,1629
6416,2026-08-06,-0.068115234,1630
7799,2026-08-06,-0.068115234,1631
3026,2026-08-06,-0.06842041,1632
8437,2026-08-06,-0.06854248,1633
4169,2026-08-06,-0.068725586,1634
3691,2026-08-06,-0.068847656,1635
3036,2026-08-06,-0.06939697,1636
1305,2026-08-06,-0.06939697,1637
3702,2026-08-06,-0.06970215,1638
6716,2026-08-06,-0.06976318,1639
6693,2026-08-06,-0.069885254,1640
2104,2026-08-06,-0.06994629,1641
8438,2026-08-06,-0.07006836,1642
6139,2026-08-06,-0.070129395,1643
3178,2026-08-06,-0.0703125,1644
2368,2026-08-06,-0.070495605,1645
3167,2026-08-06,-0.07067871,1646
5011,2026-08-06,-0.07104492,1647
6291,2026-08-06,-0.07122803,1648
6113,2026-08-06,-0.0713501,1649
1802,2026-08-06,-0.07141113,1650
6854,2026-08-06,-0.07147217,1651
2329,2026-08-06,-0.07147217,1652
3048,2026-08-06,-0.071777344,1653
6225,2026-08-06,-0.071899414,1654
3289,2026-08-06,-0.07208252,1655
8088,2026-08-06,-0.072265625,1656
6877,2026-08-06,-0.07269287,1657
3532,2026-08-06,-0.07281494,1658
2467,2026-08-06,-0.07281494,1659
5371,2026-08-06,-0.07305908,1660
8086,2026-08-06,-0.07305908,1661
6735,2026-08-06,-0.07312012,1662
3583,2026-08-06,-0.07324219,1663
4558,2026-08-06,-0.07342529,1664
3714,2026-08-06,-0.07342529,1665
6517,2026-08-06,-0.07354736,1666
1310,2026-08-06,-0.07354736,1667
3455,2026-08-06,-0.07366943,1668
4909,2026-08-06,-0.07385254,1669
2634,2026-08-06,-0.073913574,1670
6188,2026-08-06,-0.074035645,1671
3057,2026-08-06,-0.07421875,1672
3694,2026-08-06,-0.07446289,1673
4768,2026-08-06,-0.074645996,1674
6862,2026-08-06,-0.07489014,1675
6278,2026-08-06,-0.07495117,1676
3580,2026-08-06,-0.07513428,1677
5309,2026-08-06,-0.07519531,1678
8111,2026-08-06,-0.07556152,1679
2399,2026-08-06,-0.07556152,1680
6190,2026-08-06,-0.075927734,1681
3003,2026-08-06,-0.076293945,1682
6257,2026-08-06,-0.076293945,1683
5285,2026-08-06,-0.07635498,1684
6643,2026-08-06,-0.076416016,1685
3163,2026-08-06,-0.076416016,1686
4743,2026-08-06,-0.07659912,1687
7777,2026-08-06,-0.076660156,1688
3236,2026-08-06,-0.076660156,1689
3147,2026-08-06,-0.076660156,1690
2495,2026-08-06,-0.07672119,1691
5426,2026-08-06,-0.07678223,1692
6538,2026-08-06,-0.07684326,1693
6548,2026-08-06,-0.07702637,1694
6789,2026-08-06,-0.07720947,1695
6419,2026-08-06,-0.07727051,1696
8932,2026-08-06,-0.07727051,1697
3693,2026-08-06,-0.07733154,1698
3028,2026-08-06,-0.07745361,1699
4906,2026-08-06,-0.07800293,1700
4923,2026-08-06,-0.07800293,1701
7402,2026-08-06,-0.078063965,1702
6438,2026-08-06,-0.07824707,1703
6173,2026-08-06,-0.078430176,1704
6715,2026-08-06,-0.07849121,1705
1905,2026-08-06,-0.07849121,1706
2230,2026-08-06,-0.07849121,1707
6116,2026-08-06,-0.07861328,1708
8444,2026-08-06,-0.07867432,1709
3149,2026-08-06,-0.07879639,1710
1312,2026-08-06,-0.07885742,1711
5443,2026-08-06,-0.07891846,1712
3032,2026-08-06,-0.07897949,1713
6168,2026-08-06,-0.07910156,1714
4556,2026-08-06,-0.0791626,1715
3624,2026-08-06,-0.0791626,1716
3704,2026-08-06,-0.07922363,1717
6443,2026-08-06,-0.07928467,1718
2498,2026-08-06,-0.07946777,1719
5488,2026-08-06,-0.07952881,1720
6414,2026-08-06,-0.07952881,1721
6153,2026-08-06,-0.079711914,1722
3035,2026-08-06,-0.079833984,1723
3312,2026-08-06,-0.08001709,1724
6148,2026-08-06,-0.08074951,1725
2466,2026-08-06,-0.08099365,1726
4562,2026-08-06,-0.08099365,1727
3357,2026-08-06,-0.08111572,1728
3707,2026-08-06,-0.08123779,1729
8091,2026-08-06,-0.08123779,1730
2316,2026-08-06,-0.0814209,1731
9904,2026-08-06,-0.081604004,1732
9955,2026-08-06,-0.082336426,1733
3551,2026-08-06,-0.08270264,1734
2103,2026-08-06,-0.08276367,1735
1313,2026-08-06,-0.08282471,1736
6477,2026-08-06,-0.08337402,1737
4561,2026-08-06,-0.083618164,1738
3550,2026-08-06,-0.083618164,1739
8110,2026-08-06,-0.08380127,1740
6449,2026-08-06,-0.08416748,1741
2426,2026-08-06,-0.084228516,1742
3013,2026-08-06,-0.0847168,1743
4510,2026-08-06,-0.08514404,1744
6426,2026-08-06,-0.08520508,1745
8096,2026-08-06,-0.08538818,1746
6456,2026-08-06,-0.085632324,1747
2221,2026-08-06,-0.085754395,1748
4931,2026-08-06,-0.085754395,1749
5291,2026-08-06,-0.08581543,1750
5009,2026-08-06,-0.086242676,1751
6949,2026-08-06,-0.086364746,1752
6988,2026-08-06,-0.08648682,1753
3450,2026-08-06,-0.08691406,1754
2371,2026-08-06,-0.08703613,1755
4755,2026-08-06,-0.08703613,1756
2338,2026-08-06,-0.08709717,1757
8099,2026-08-06,-0.087402344,1758
3548,2026-08-06,-0.08770752,1759
4927,2026-08-06,-0.088256836,1760
6217,2026-08-06,-0.08868408,1761
2241,2026-08-06,-0.08886719,1762
3094,2026-08-06,-0.0892334,1763
3675,2026-08-06,-0.089416504,1764
6672,2026-08-06,-0.089782715,1765
6969,2026-08-06,-0.09008789,1766
2038,2026-08-06,-0.09057617,1767
3374,2026-08-06,-0.09063721,1768
7709,2026-08-06,-0.09088135,1769
8155,2026-08-06,-0.091430664,1770
2302,2026-08-06,-0.09185791,1771
3664,2026-08-06,-0.092041016,1772
6834,2026-08-06,-0.09222412,1773
2032,2026-08-06,-0.09234619,1774
2328,2026-08-06,-0.09246826,1775
5464,2026-08-06,-0.09259033,1776
2365,2026-08-06,-0.09295654,1777
3535,2026-08-06,-0.09301758,1778
4722,2026-08-06,-0.093444824,1779
6823,2026-08-06,-0.09350586,1780
6830,2026-08-06,-0.09375,1781
6530,2026-08-06,-0.09387207,1782
6204,2026-08-06,-0.09387207,1783
6226,2026-08-06,-0.09387207,1784
8074,2026-08-06,-0.09387207,1785
5228,2026-08-06,-0.094177246,1786
3221,2026-08-06,-0.09423828,1787
6613,2026-08-06,-0.09429932,1788
4760,2026-08-06,-0.09448242,1789
3323,2026-08-06,-0.09466553,1790
2342,2026-08-06,-0.09466553,1791
3680,2026-08-06,-0.09484863,1792
8234,2026-08-06,-0.09552002,1793
6532,2026-08-06,-0.096191406,1794
8043,2026-08-06,-0.09667969,1795
6761,2026-08-06,-0.09680176,1796
4123,2026-08-06,-0.09729004,1797
2406,2026-08-06,-0.097351074,1798
2354,2026-08-06,-0.09820557,1799
2413,2026-08-06,-0.09918213,1800
4991,2026-08-06,-0.099243164,1801
2630,2026-08-06,-0.09942627,1802
3376,2026-08-06,-0.09942627,1803
8476,2026-08-06,-0.09954834,1804
6432,2026-08-06,-0.099609375,1805
4566,2026-08-06,-0.09979248,1806
1569,2026-08-06,-0.100097656,1807
4707,2026-08-06,-0.100097656,1808
4739,2026-08-06,-0.10064697,1809
3543,2026-08-06,-0.101257324,1810
3016,2026-08-06,-0.10131836,1811
5498,2026-08-06,-0.101501465,1812
1536,2026-08-06,-0.10266113,1813
4576,2026-08-06,-0.10290527,1814
2359,2026-08-06,-0.10296631,1815
2070,2026-08-06,-0.103027344,1816
1515,2026-08-06,-0.103393555,1817
8374,2026-08-06,-0.103393555,1818
3234,2026-08-06,-0.103515625,1819
4916,2026-08-06,-0.10394287,1820
4946,2026-08-06,-0.10473633,1821
8103,2026-08-06,-0.105041504,1822
1709,2026-08-06,-0.105773926,1823
1597,2026-08-06,-0.10614014,1824
2436,2026-08-06,-0.10650635,1825
4555,2026-08-06,-0.10650635,1826
3594,2026-08-06,-0.10656738,1827
3230,2026-08-06,-0.10668945,1828
3402,2026-08-06,-0.107666016,1829
2233,2026-08-06,-0.107910156,1830
5392,2026-08-06,-0.10803223,1831
3114,2026-08-06,-0.10803223,1832
3581,2026-08-06,-0.10803223,1833
6472,2026-08-06,-0.10809326,1834
4542,2026-08-06,-0.1081543,1835
1526,2026-08-06,-0.10821533,1836
6269,2026-08-06,-0.1083374,1837
6141,2026-08-06,-0.10852051,1838
6706,2026-08-06,-0.10852051,1839
6901,2026-08-06,-0.11053467,1840
4585,2026-08-06,-0.11077881,1841
5340,2026-08-06,-0.111083984,1842
3413,2026-08-06,-0.111328125,1843
6202,2026-08-06,-0.111694336,1844
9103,2026-08-06,-0.11175537,1845
4908,2026-08-06,-0.111816406,1846
4903,2026-08-06,-0.11187744,1847
3652,2026-08-06,-0.11273193,1848
4764,2026-08-06,-0.112854004,1849
6558,2026-08-06,-0.11315918,1850
8131,2026-08-06,-0.113464355,1851
6753,2026-08-06,-0.11407471,1852
7792,2026-08-06,-0.11419678,1853
6218,2026-08-06,-0.11541748,1854
3055,2026-08-06,-0.11621094,1855
4956,2026-08-06,-0.11627197,1856
1727,2026-08-06,-0.11657715,1857
8028,2026-08-06,-0.11694336,1858
1809,2026-08-06,-0.117248535,1859
6265,2026-08-06,-0.11730957,1860
2434,2026-08-06,-0.11767578,1861
6533,2026-08-06,-0.11895752,1862
4513,2026-08-06,-0.11920166,1863
3438,2026-08-06,-0.11956787,1864
6441,2026-08-06,-0.11993408,1865
2401,2026-08-06,-0.12060547,1866
3211,2026-08-06,-0.12188721,1867
4976,2026-08-06,-0.12200928,1868
6243,2026-08-06,-0.12261963,1869
5314,2026-08-06,-0.12335205,1870
8027,2026-08-06,-0.12365723,1871
6207,2026-08-06,-0.12384033,1872
6624,2026-08-06,-0.12390137,1873
8064,2026-08-06,-0.12463379,1874
3305,2026-08-06,-0.12597656,1875
6215,2026-08-06,-0.12646484,1876
1467,2026-08-06,-0.12670898,1877
6166,2026-08-06,-0.12670898,1878
6617,2026-08-06,-0.12670898,1879
7703,2026-08-06,-0.12792969,1880
6937,2026-08-06,-0.12805176,1881
4977,2026-08-06,-0.13098145,1882
3338,2026-08-06,-0.13220215,1883
2340,2026-08-06,-0.13415527,1884
1595,2026-08-06,-0.13415527,1885
6933,2026-08-06,-0.13427734,1886
4949,2026-08-06,-0.13635254,1887
6727,2026-08-06,-0.13928223,1888
3504,2026-08-06,-0.14025879,1889
3577,2026-08-06,-0.14050293,1890
4577,2026-08-06,-0.14099121,1891
6799,2026-08-06,-0.14099121,1892
6944,2026-08-06,-0.14221191,1893
8033,2026-08-06,-0.14318848,1894
2491,2026-08-06,-0.14367676,1895
3265,2026-08-06,-0.14453125,1896
4939,2026-08-06,-0.14562988,1897
3479,2026-08-06,-0.1459961,1898
2231,2026-08-06,-0.14660645,1899
2465,2026-08-06,-0.14758301,1900
6588,2026-08-06,-0.14807129,1901
4534,2026-08-06,-0.14953613,1902
1736,2026-08-06,-0.1517334,1903
4541,2026-08-06,-0.15625,1904
7714,2026-08-06,-0.15917969,1905
4961,2026-08-06,-0.16174316,1906
3701,2026-08-06,-0.16455078,1907
3430,2026-08-06,-0.16577148,1908
4540,2026-08-06,-0.16821289,1909
6547,2026-08-06,-0.1694336,1910
3339,2026-08-06,-0.17053223,1911
6829,2026-08-06,-0.17199707,1912
2061,2026-08-06,-0.17285156,1913
3587,2026-08-06,-0.17663574,1914
7788,2026-08-06,-0.19042969,1915
3088,2026-08-06,-0.19824219,1916
3498,2026-08-06,-0.21643066,1917
8383,2026-08-06,-0.2919922,1918
